Step,Episode Reward
2,7.536152198320985
4,3.7788687460205703
6,5.048964868651394
8,7.270762849982253
11,9.624747167224744
14,7.914660198161439
17,5.965023563908767
20,6.472115982103334
21,1.8393972058572117
24,6.8330738382052
27,7.240047607948256
28,2.6237504532675637
30,3.933871035868533
32,4.303489471863449
34,4.252238432906735
35,2.627661964160567
36,1.9398021886701666
38,5.1369504081573805
39,1.8393972058572117
41,5.050634411665252
42,1.8393972058572117
44,4.447625204188424
45,2.565403747914376
46,2.087166591535481
47,3.1303561336297374
49,4.075402375721286
51,4.2123520554095535
52,2.1732070068787928
53,3.1855878425039883
55,4.633483953322137
57,4.847287505585605
59,4.808112185268044
61,4.557892992351652
63,3.890536479243263
65,4.666106532760233
67,4.087326300145471
68,1.8393972058572117
69,3.026163368846169
71,6.295253394039079
73,6.049330686678822
74,1.8393972058572117
75,2.644353528675399
76,3.180597830600412
77,1.8393972058572117
79,4.940357051985115
81,4.200979823497384
82,1.8393972058572117
83,2.2636366176078364
85,4.330864489701819
86,1.8393972058572117
88,3.8275993701284197
89,1.8393972058572117
92,7.4061224469448295
94,3.9965710874730322
96,4.4596798658452235
98,3.750765043944948
101,8.174789455435283
102,1.9928416308575903
105,7.577882307711306
107,4.0265648773593
108,1.8393972058572117
111,9.95989527106077
120,17.66433191463887
138,39.11401780075728
157,71.62220164077786
175,35.665555900197525
194,39.09667432929454
215,59.92868063292299
236,90.53485099681112
249,32.069272181275736
271,70.68542079300286
294,56.79749227016855
320,79.25102779076786
332,44.29715044008713
345,33.88864785696214
361,54.53471326169408
378,52.37939237681109
394,51.02897007950599
410,37.52797325178076
426,41.07802566451778
448,45.44353528416495
475,80.23763397626679
489,27.652276975627963
511,66.44662256667357
527,35.57104617774577
553,68.61321270137826
581,68.99169591263083
603,81.52057997433516
634,78.40274183359058
664,102.61185077559315
679,59.48883676852956
696,41.50730943150943
727,100.95991024605136
752,48.04465920445586
777,65.00681118503812
803,60.417271774451756
815,24.458832628686253
816,1.8393972058572117
831,29.967859817084186
845,26.954912608380877
859,39.382878522621915
875,48.61532987025707
887,25.065469563736002
906,50.98693087999404
925,38.67242983726329
945,46.248905342995855
949,7.824548598353749
982,128.52736347069686
1017,104.74991334153883
1036,46.69472780785869
1059,48.48849538727273
1080,54.88029068085846
1100,58.980073752523055
1118,52.511901610640805
1128,19.836943441810085
1141,27.311764627618736
1153,29.06662927891051
1166,24.895179986768998
1179,31.09240866362034
1193,37.66066472547422
1210,43.97191900382675
1227,56.375602270198264
1234,15.169156900542681
1240,12.588785188873732
1261,53.95022311851802
1267,15.603588837838707
1277,24.98470429319704
1284,14.921010171804086
1289,9.470356218746081
1304,38.05385015699233
1313,21.84784993394562
1318,10.353620319729298
1325,15.45168057993457
1331,12.227088748108654
1340,21.367976695842017
1348,22.033518949503268
1356,28.519475704261144
1363,17.37017935150324
1371,27.40390605204263
1379,20.278246416569925
1383,7.533964878891217
1389,12.405889162459252
1401,33.61135774896433
1410,21.546196180164145
1418,18.006832824573685
1437,72.24505002767879
1456,55.60112006342052
1472,40.43354277205955
1493,56.94721606784458
1515,46.64782815867645
1540,81.60359345869675
1570,63.92592065719062
1598,91.2965273914262
1625,72.26120140626853
1649,74.88228072376421
1675,82.58127771104597
1702,51.73465782114935
1745,130.09681049025818
1768,75.43787622790619
1792,62.67111409885218
1810,65.82344958381763
1816,11.197210001076886
1822,11.366501788633121
1853,102.02580421937793
1878,88.12646035897923
1879,1.8393972058572117
1905,102.61075729902504
1923,46.05439760624239
1940,48.30129486867591
1955,34.30685081448212
1970,39.127765448286894
1992,55.9383495108104
2007,43.0122497076428
2031,72.96960522309665
2046,59.58388910952959
2055,19.92447486181755
2080,59.47203928046389
2099,49.220296803695234
2109,20.441550742625942
2136,71.69574294628512
2156,60.951090291793236
2170,49.79327040088841
2171,1.8393972058572117
2193,51.770367230813804
2217,93.36257422947408
2240,62.65054262536466
2252,23.746846538498602
2256,8.04395159801159
2269,27.680171864258806
2284,51.06195512906349
2301,61.72084253729277
2332,95.14500130838853
2349,48.013773447013506
2366,34.087391571323465
2372,11.412821561427752
2382,26.74469085406505
2392,30.849911958303096
2402,32.661664209981765
2411,20.706316599691004
2412,1.8393972058572117
2421,28.725261534322733
2424,5.788137033223949
2433,23.690963892880518
2444,31.63411427707316
2457,27.92572503730984
2468,33.686330538133255
2475,23.415133846424247
2489,40.463086436282445
2499,21.620935853530014
2506,14.668846776634165
2514,28.790686781154147
2529,54.08544068256596
2544,37.57854260679749
2561,56.25217463234539
2578,46.12374432042017
2596,57.93872576354458
2609,29.31900759455877
2621,26.182641142449384
2643,62.67947316864792
2667,64.91525656415526
2697,73.2969147479314
2712,34.021749989012406
2713,1.8393972058572117
2738,73.77035906048481
2750,29.532650135815736
2768,70.7203035163682
2787,63.164526779931926
2801,48.38615402428458
2823,59.46064496139394
2841,43.273193913308894
2859,57.32799536615715
2874,39.40456436406015
2893,52.99778032963415
2912,41.551357912811916
2930,55.30361356072313
2955,83.27300525385225
2982,93.84733065244511
3008,66.92358154411457
3034,87.46866287892819
3046,27.992183927840465
3053,29.09675865803665
3069,44.3878387122586
3086,38.36530406296907
3100,31.303015545503943
3116,33.282805576867425
3127,22.488436258961798
3128,1.8393972058572117
3129,1.8393972058572117
3141,34.5204276091467
3154,38.12769816810816
3169,47.679462375583846
3190,57.79551846190938
3202,29.791644695314602
3228,65.94025192708851
3258,75.08796381962048
3285,77.34344257063006
3323,125.47112016792877
3355,98.98615805319479
3388,104.99067511927922
3429,110.9057953550076
3462,98.24446422502308
3473,30.57403203136917
3500,68.85538190590843
3529,80.91273749143977
3551,62.091719129056074
3574,80.85640414586526
3600,86.44583087936788
3617,54.85795156455847
3633,34.392043048479266
3654,39.69498879947763
3677,75.24910818748292
3700,60.515641118176255
3724,77.3155007434596
3748,84.86330972499478
3760,26.524212550726265
3774,48.53672241457476
3787,41.91963840890153
3799,44.73587061100424
3815,45.67501550814582
3829,40.59877716256134
3837,15.814540173113285
3847,32.85258503179655
3856,22.270157367317726
3878,56.43020857645687
3894,51.609759183903805
3907,49.1067813692428
3919,32.44687804430812
3935,40.526874389862556
3947,26.30062466354883
3958,25.70035154373466
3972,31.02173728857518
3985,34.810717547611
4000,54.348073634408834
4017,39.770245680229486
4043,84.37350567731066
4067,70.66620626334986
4086,52.290905210492205
4104,59.58272408918165
4121,39.925670805119125
4139,51.46515781355159
4153,25.994172697402
4183,82.5851647465681
4217,91.5968473298812
4234,49.84781063683935
4241,19.392252923927646
4249,26.353182635189448
4258,19.328705047836934
4273,37.24793876153541
4290,44.981581762137836
4308,49.23562719702139
4322,33.727897463721284
4335,49.70951412533123
4349,40.37870764093677
4363,45.20766389463874
4380,48.914920627145186
4393,46.08742124394408
4417,79.05363605715416
4435,47.31887295227856
4459,99.58016140114955
4476,47.77517631943762
4493,36.280004219581684
4505,28.533791061465426
4520,51.06472991742106
4545,64.45903983436335
4568,81.22358083555707
4604,112.52762588810351
4631,90.95373612344106
4659,81.09052707821671
4686,102.23452065819036
4718,82.42341505737413
4747,101.07493821993424
4777,73.00647978366176
4798,49.30547616117833
4799,1.8393972058572117
4830,82.61456158518119
4840,28.984459054667838
4842,3.7507830444010697
4855,33.401758471382905
4869,30.301520466717772
4888,71.74137658648986
4904,47.75789195903513
4914,23.45131796822516
4929,43.53199056775214
4949,51.58311872588146
4960,22.222138193595246
4969,18.816013102115317
4993,69.77546109485273
5012,40.631195634478765
5018,11.84734606165038
5035,61.92933551646028
5050,45.66856854418085
5066,38.73572627836011
5096,93.69991486766015
5097,1.8393972058572117
5105,20.80148366091824
5106,1.8393972058572117
5116,32.409359429058156
5134,39.24595067950095
5144,40.08783662512452
5162,50.22729615313867
5175,46.77324772956883
5190,30.976756933613025
5206,34.12447006351877
5221,38.00832226590093
5237,38.555046496358706
5254,60.61333711740531
5270,33.39437198024725
5287,56.24307422982844
5303,44.2439186537552
5310,14.399039644093138
5327,44.672537860562684
5343,36.24557977350378
5358,41.783119282241735
5369,21.704598931673864
5381,28.853763336473662
5396,55.87386522542652
5399,6.032755088327004
5414,40.90724324433947
5433,48.8309196708852
5454,72.95374607952394
5462,19.863834893187924
5484,52.367749753997586
5492,17.345332681066083
5503,30.55739150274108
5514,27.51364660803494
5523,18.313859890189093
5524,1.8393972058572117
5540,39.5545741003909
5557,41.775010052110844
5582,73.56814557393736
5603,56.91470882449104
5628,68.51530728859319
5658,68.00559503070156
5687,70.58391192852764
5717,69.92152777149276
5748,88.01918880056483
5771,75.04091120317844
5792,44.531367151004986
5835,107.51771756039341
5871,102.92621752079229
5907,122.99891636839847
5930,50.5298743864595
5954,71.7006533652733
5971,35.424915805561334
5984,40.83765835200267
6020,118.20069328298186
6038,47.66376801603053
6062,59.88329706049657
6087,56.073622821210975
6113,82.39271280378644
6129,35.36728248983687
6148,37.90744109037159
6169,56.00364648999336
6194,64.15149847276336
6223,92.17282934254781
6250,62.195330417594555
6270,64.5215802155029
6290,64.57420684432579
6311,45.90257936736127
6357,142.39780024665674
6365,18.668633475110017
6381,57.001396162432556
6408,63.68566972946138
6422,39.30187684315596
6455,91.40345833513834
6473,41.65099649522306
6493,45.338595676412666
6514,54.83772834356675
6537,55.620496128847655
6548,34.8841688059813
6577,85.80230703341708
6600,76.53093992240613
6624,81.73670930851753
6643,42.06139939737596
6656,26.081204946103675
6671,41.430865836994315
6696,84.74119662412645
6712,40.893895319910925
6729,43.5333862922231
6756,100.11309286290172
6772,55.51796813207768
6789,47.52015239692829
6798,23.23969959711545
6817,64.03246933903709
6822,9.908899134725164
6830,17.68898187388095
6846,49.39143666480809
6859,39.51403670430203
6869,24.95865535113581
6887,48.447838933138
6904,35.310396079568335
6921,40.81337730470287
6938,49.470593612620384
6942,11.607720487726287
6958,41.00903021993407
6974,62.56689068643532
6987,32.49091721225711
7005,41.17449573355821
7034,67.14702598761872
7048,31.867105066445376
7062,28.581466363840885
7078,47.471361401759566
7096,60.93297675751784
7108,24.3360561250141
7118,19.426529730548673
7143,56.735834506348276
7157,33.15214163526913
7173,44.861757347870935
7198,80.50702142915816
7214,43.91853762285936
7230,40.20665657588604
7246,63.63672287966844
7265,66.36028524345785
7280,44.558230191883695
7307,83.36066369475088
7320,42.22892354407711
7336,48.44660596263299
7350,32.05014145774252
7369,43.42708151543955
7393,62.784831998620575
7418,63.07063573776724
7434,47.194316216619846
7449,36.81740167044513
7466,45.09643611926202
7493,78.8225328782722
7522,97.03313652412098
7541,53.99186974493355
7569,59.86946086086208
7583,29.476064759666468
7600,58.073720816991326
7615,51.348950815039146
7634,66.46521995733923
7653,48.00701992481191
7684,101.62977474268237
7705,68.95575427545597
7740,102.13879640513456
7762,56.23177295354127
7786,54.62418408393818
7803,33.56476193008311
7820,35.91186115681687
7862,135.42719501634585
7888,84.61870844352981
7916,67.37925497425908
7941,60.78723478470395
7978,116.58895009985588
7999,49.959110282822465
8020,65.5197263008439
8044,64.71386790470285
8059,31.353086531520315
8092,114.26161630397132
8121,63.02106818294031
8147,58.9237070550639
8182,107.35283027586091
8183,1.8393972058572117
8202,41.65241363974812
8220,64.20891236071893
8240,62.34025229302058
8279,103.9910853638666
8303,68.04347550986056
8328,72.69655095462277
8340,29.24481929784269
8351,24.553536344050602
8363,36.882508632682125
8377,33.77758136021002
8398,65.99888284345303
8420,53.363301699994004
8439,45.32836959722862
8462,72.27799860390493
8490,73.15985560487096
8512,78.90214270213262
8535,61.44857900008325
8560,71.82899116321684
8585,94.54311988700395
8613,76.74321552211761
8628,48.84732512226179
8640,41.422203028002
8651,23.566626677234396
8652,1.8393972058572117
8666,32.629696778954354
8679,40.05095842204115
8696,50.346804815841665
8713,38.29248158898295
8742,85.30887542859548
8771,105.97137253181569
8801,81.74071850595999
8826,74.54889033279247
8849,51.31530783316239
8876,89.81195344378486
8899,51.10626589533473
8917,60.10978809918086
8941,89.36606475463806
8952,30.654558092718105
8984,116.07643920806554
8996,27.092551530043607
9013,55.789959750743904
9030,52.724391166339096
9065,79.0171120600199
9089,77.05653359727889
9123,86.81347575867652
9148,48.5901834125282
9184,92.23909295082784
9185,1.8393972058572117
9220,106.51114090012292
9222,3.8201210411721043
9247,58.691004803326045
9285,97.46284193775894
9317,99.02660535469263
9345,75.97051575211506
9351,12.576949058193563
9372,63.01222975245291
9393,44.09168030186744
9394,1.8393972058572117
9418,56.273779656283445
9442,77.04962481871527
9465,53.579318786782125
9466,1.8393972058572117
9493,89.17770885577504
9520,69.05283684821468
9546,77.11152903596196
9551,9.649472674486285
9580,108.66506638132635
9605,92.75892637179533
9612,21.05794148423939
9624,23.848118705919358
9638,33.91917898107917
9656,71.16617764705542
9685,76.69871539994479
9708,55.13156444146419
9709,1.8393972058572117
9734,71.53180619882669
9763,117.25275811199882
9790,77.25128741813005
9809,44.867065482913624
9840,82.7366743981078
9870,82.21360092592676
9889,46.82577792332363
9890,1.8393972058572117
9899,18.313515142817145
9924,81.25992660891649
9946,85.04439971509899
9974,72.47756843746986
10001,78.04800028377497
10022,55.67128557827526
10045,62.030205876065224
10064,51.67267247714369
10077,25.02083654826975
10097,45.37128836237986
10098,2.0095765885944115
10117,42.409682610300976
10137,50.516451654738006
10140,6.750222209369969
10143,12.199044005506959
10146,5.954696531701501
10157,29.75558722765745
10169,39.62185956334461
10182,36.94869397499409
10195,35.029474863380166
10214,61.365539286100386
10235,72.77980300232225
10256,51.88917632729295
10278,66.30396383566543
10290,26.858054033112406
10313,76.0737099322367
10314,1.8393972058572117
10335,64.47699927940175
10336,1.8393972058572117
10352,31.53856845967826
10377,62.865239234281646
10403,92.29257779652869
10404,1.8393972058572117
10431,57.76345404468755
10449,70.3464623195645
10469,49.02686344909682
10489,46.272725752630286
10510,54.05551328419799
10522,25.346965005396093
10550,86.69392694900098
10579,84.20350400519722
10596,46.12438966058223
10607,25.165060379700662
10624,46.93231054559952
10628,7.861229542388243
10645,60.19924836328125
10667,79.91253434846686
10686,70.59608094367593
10693,16.000271023278245
10714,56.82250301045876
10725,30.38154802453206
10743,50.241141659667036
10760,43.530807306515754
10774,57.0238418813161
10787,30.914018076954147
10801,45.585626491642735
10818,55.336532634456454
10823,9.81772904381374
10842,52.13643029428719
10862,38.57839589172642
10880,41.83844794177498
10906,73.51449799067161
10923,55.16762857696501
10959,93.44985109532331
10993,94.48318068247907
11021,63.87983907285999
11022,1.8393972058572117
11067,162.16796470591666
11105,106.52134730943071
11110,9.661275784668257
11134,56.348563701312116
11174,100.91994504785987
11199,58.671718704807795
11225,77.97220424069022
11253,61.191761069840325
11263,24.95590686430784
11272,29.2909127831495
11277,10.154931596548542
11280,5.804039067061576
11309,83.60500188114032
11330,58.12273272939148
11352,56.772376807820784
11372,64.18362033249915
11399,109.78299802624493
11422,51.85423267264339
11445,52.59246627052079
11446,1.8393972058572117
11470,77.92397466752
11499,77.75256097497906
11534,112.20587405004335
11553,56.15866372950492
11572,49.41307969266667
11585,39.140691202446106
11608,50.63656615673487
11630,73.70637528989013
11659,96.15836011884842
11668,19.649907216104566
11693,77.9945266621323
11710,48.58660887408505
11740,78.20605503244954
11776,122.57416271216348
11788,30.109333993195776
11803,34.75959848451772
11818,35.285132944980056
11835,39.637329207489124
11860,65.51012185536943
11861,1.8393972058572117
11881,60.054298524621196
11890,17.614576880005128
11904,41.34210718824337
11924,63.389758676618726
11947,70.12796518770521
11956,18.415178020713302
11979,49.01040313944871
12007,75.24854070789183
12033,78.50153341033912
12064,62.25980148103553
12091,81.7725798566051
12117,77.07715737821665
12150,87.05333991173025
12187,101.64289152560525
12206,46.902778593743236
12227,53.58918134133082
12249,58.13680481911446
12295,143.52486616193758
12336,126.56535310169173
12340,7.5662330786489065
12365,90.69260723628591
12383,39.14837928144866
12410,80.38519203706299
12416,16.655969578796185
12429,38.25334728558476
12452,75.84738747159169
12476,79.56467453566621
12496,56.392949165314796
12519,78.087839679701
12521,3.7010153930021086
12522,1.8393972058572117
12548,62.569183094081914
12574,72.33865526555064
12604,92.3043715963781
12634,104.77168396097528
12653,43.165333763606654
12690,90.39949891731922
12691,1.8393972058572117
12728,84.92099660656487
12766,124.78387682723185
12785,43.03288384896722
12799,29.305072545129917
12813,42.36704495398518
12837,79.67394795332208
12854,37.61928650092817
12874,51.71666358394789
12883,18.041032296722385
12896,33.772093527754485
12903,13.02840332782466
12921,63.1202134506919
12940,52.91959548810665
12961,50.39085796517284
12984,59.55692978430457
13005,53.16082752015767
13031,60.532210388707945
13051,60.23637826937064
13076,77.25113398718929
13101,79.171026842169
13123,66.16904770127512
13145,62.941425297636314
13162,48.28157313067293
13183,63.75365341940158
13205,78.63219062026306
13224,48.03413526221929
13248,77.44511730990965
13274,75.45537983040768
13291,40.183876673919926
13313,62.12121797715317
13340,62.303957348709055
13350,33.37802419902098
13353,5.732981370272007
13364,44.228552981758114
13386,81.21452417065454
13390,8.62205701239112
13398,22.314086174024695
13415,39.49012774018271
13446,108.85273133596486
13486,95.469003858346
13504,36.70001996560813
13525,54.71761272217925
13547,61.55591722800236
13578,69.56079168817011
13612,79.97305950863137
13637,71.91271471492884
13675,107.33676400353254
13704,108.98841736640318
13722,53.230432926893826
13742,55.94752789428304
13780,106.71363983121216
13786,20.87989831199058
13806,57.83887198356276
13816,20.845977562479487
13826,19.10634169070527
13835,21.97367683267664
13850,36.727466629965555
13858,15.82897136738093
13876,52.79387437353485
13911,116.34207969807167
13931,59.175116575463065
13951,68.19281541608565
13983,99.21792729135589
14007,51.511423564974
14027,51.53650585620229
14047,43.726764542075394
14068,77.71564360063059
14090,68.8630553875125
14127,106.03741234424282
14152,69.88954397146803
14202,158.1344137364425
14246,159.85942880384206
14274,77.08182586247547
14310,114.80648193084205
14339,92.97645299819123
14340,1.8393972058572117
14372,64.71317430545872
14404,100.48526451605302
14415,21.122095743529304
14447,112.00358636060005
14485,130.64998747212985
14498,31.03029632910805
14511,26.0014720105114
14522,33.42465782336568
14524,3.697936109185477
14537,38.08458225921071
14557,54.943446501431026
14602,130.85856859709534
14606,12.939771117336054
14613,20.73262573182365
14627,31.922204783102885
14635,24.586192131879002
14649,30.490447125112787
14665,62.26884628945266
14666,1.8393972058572117
14685,58.74265235080826
14695,19.543722326643145
14715,57.68311766237071
14733,47.34697665251194
14752,56.34858636739628
14773,64.33290889451857
14796,76.33468752597625
14818,49.90583337421695
14821,5.773843982984472
14825,13.904806280953503
14833,15.588370488087968
14842,26.814243829199192
14855,44.45259099431708
14884,63.89015618873315
14897,32.873579376574206
14914,50.7830030367306
14931,42.40864157078295
14947,50.21340899128359
14962,35.9082854668588
14981,61.892170607665356
14989,15.236630073421043
15012,70.96987322168377
15021,18.31449173864541
15022,1.8393972058572117
15032,23.69290706728159
15033,1.8393972058572117
15055,62.88857364233872
15075,68.98601460904518
15097,52.85175142389903
15122,67.15746574268618
15155,80.6048626471644
15180,76.09112158606507
15199,49.56314054685939
15218,55.35292637022985
15234,43.08430892493384
15254,61.96935668784221
15270,56.265505494173645
15286,58.34893087390491
15312,55.737860102133865
15322,27.46758432896066
15325,5.6258438523568035
15341,59.53180927691705
15357,44.994484702971675
15376,41.66049250334785
15398,62.07072614800698
15418,54.61889509226559
15440,73.50928369679472
15466,70.1124964034346
15491,79.11113155742328
15513,61.49964163191259
15537,75.321774665436
15569,93.36956798371112
15595,61.61991241122448
15638,131.0153339929937
15682,126.59082284435375
15727,142.16224073126594
15728,1.8393972058572117
15765,114.04849538666754
15791,100.30043264767495
15814,77.92885214157269
15832,37.56494558488297
15850,44.03276268410425
15871,49.37077626186471
15892,53.5493653783738
15940,123.7333900971938
15969,92.7456915447584
15997,86.96433970213589
16019,42.568455967173996
16043,50.01811166953576
16072,112.10399282012087
16114,93.08732189118723
16162,154.28495689974773
16210,171.07979287026703
16255,109.71623214381404
16303,149.14364877177155
16304,1.8393972058572117
16355,166.4834976692492
16387,98.9677777469741
16418,118.2643984924756
16451,112.27516511940584
16459,15.881119165954583
16468,18.40614509203415
16496,76.31686040945524
16555,206.3968870806734
16570,39.89423860278815
16587,55.265337116103815
16596,18.575991244864078
16603,18.941947698096495
16605,3.6877091190921076
16622,56.75185280778156
16628,22.261999824080952
16640,30.444981502480072
16662,51.994765207068596
16681,43.81159082686604
16695,44.775724076514415
16711,38.87235130718333
16724,25.12027704337768
16751,66.96555264460197
16778,70.6772923036999
16804,98.1512413154631
16834,92.75860699847604
16877,116.28077421168976
16908,102.38368604096763
16953,128.543507547772
16978,51.12274258553461
17018,136.29050825982551
17049,99.56719885061148
17063,28.56470191120166
17108,157.43195396953135
17139,75.67194258807604
17169,106.50625220828488
17203,92.3175480142181
17204,1.8393972058572117
17221,54.55243410656284
17245,59.525100707820584
17264,53.77482657769424
17283,67.60431162742326
17297,31.60333777147123
17315,41.5481899606131
17335,67.51911445499087
17358,86.11144514903698
17392,83.92839934040326
17426,80.71449999139215
17463,90.26200279811408
17488,62.68666807024559
17522,111.1843123257217
17548,65.5015343493321
17572,52.349273847452665
17613,112.59120829386862
17652,91.35280242409792
17679,72.37867633220577
17708,76.4500793076492
17737,77.70957566083094
17789,137.29383376337015
17809,43.34170907250391
17832,64.03318461287867
17835,5.622925454262953
17853,52.28032163384056
17865,28.506161097647848
17894,78.43754344231967
17922,105.46844468287748
17956,104.43002748001068
17982,75.31648721375701
18005,53.961719537807724
18019,27.866788865130772
18048,78.54104674432351
18074,72.19484380900157
18083,19.095000951812573
18114,91.12613548869196
18136,45.4887661085273
18143,13.49797074877527
18164,54.522373125853825
18186,61.112627155943905
18219,119.21599494786021
18236,46.1181021875516
18251,35.80814309837653
18254,5.523484511199063
18266,27.705902531177465
18284,53.973145134272976
18303,47.28717479430639
18320,54.209853555970106
18337,36.38202139100367
18362,69.22596776689026
18383,45.170012703811494
18414,86.89957581506701
18441,67.81138613202553
18461,46.3221997667281
18493,112.90953517036797
18533,87.73992885186557
18543,20.088318659709373
18566,53.28130779433099
18590,77.79429678353897
18601,22.983932346499003
18613,24.17826760434292
18648,119.2949819127355
18665,40.69698434392946
18691,106.54372565732199
18718,71.80773794955502
18741,70.5259822365114
18767,81.3210638737461
18791,76.93945605915899
18821,76.37796952143636
18838,42.91318366136558
18879,109.48881347025102
18910,61.44998743081832
18953,154.11784777048516
18987,104.24345898419517
19031,113.80771177637591
19066,104.8921844270653
19119,119.94873394312874
19156,143.71707961067568
19194,107.48198534287607
19200,12.102757702320577
19237,123.80252005966464
19241,7.533568442005011
19244,5.86611347719081
19257,37.724618749632015
19275,55.48962439742191
19291,33.74901561723262
19306,32.41360038048909
19326,53.23433445053042
19343,39.405349707237214
19360,40.46456253024561
19378,64.85787577973493
19386,21.019020766339903
19411,84.26414227376705
19426,40.7900563879955
19443,42.79297485543965
19459,42.38444593561963
19481,51.143911851264996
19501,60.37776859523719
19526,68.84120770293549
19567,119.92588931229812
19596,82.43347054267164
19633,132.04018267877956
19668,95.4669050872985
19695,82.37342305947526
19723,63.22163821533571
19757,123.67318119543299
19789,76.85362999967354
19830,119.84406531874933
19871,109.33571560856235
19919,117.4905732687039
19952,94.61000603577381
19976,48.690847152689756
20002,85.712149433614
20037,139.56155152445552
20074,106.72010213347252
20077,6.756372342224083
20098,67.06950206645375
20123,73.57089195373796
20127,8.72469358210869
20128,4.084059922153089
20150,59.34472049212818
20156,20.311159393484512
20162,15.905954252177928
20187,92.91311414140631
20188,1.8393972058572117
20194,12.386044602762924
20204,22.586107964234703
20224,46.145376740719605
20256,113.92848254041151
20284,86.30108801704843
20314,79.25795899194972
20342,95.52779964836947
20343,1.8393972058572117
20375,98.97585853277191
20413,110.51344469056471
20446,98.31245627975119
20485,88.91272886397344
20516,104.1503501637913
20527,21.409028501149002
20544,36.50225437691339
20575,83.7106765687038
20595,48.02618833828959
20617,71.2943875830955
20638,60.579303393428475
20663,75.26534984626896
20673,21.115629484408956
20694,75.56655974996366
20716,75.59000279651582
20719,5.713985368974768
20724,9.991136856892016
20736,39.99527642306673
20739,5.649879811844501
20761,58.53790356812608
20773,30.482987275741674
20781,15.422378045014067
20800,41.66348563033424
20814,34.273241161999636
20828,46.17066176130149
20841,42.76464585344983
20860,40.45627459186287
20874,30.692902756886216
20899,70.8394798666073
20923,57.68510736537345
20951,98.13627594384361
20969,45.49934730491078
20987,57.38942980330278
21007,42.84152026827224
21025,66.0813222356324
21029,7.861382087820958
21061,101.08189615369321
21075,37.054011790356945
21092,47.25905680045348
21103,37.34948529802381
21124,66.64242695682508
21143,48.238001216686115
21171,89.2463730307628
21204,90.49401671659595
21226,54.71446784748445
21254,69.7114593375512
21280,65.45509686813472
21300,46.04669073302031
21338,139.81129914753728
21370,129.9446698247859
21389,44.83460951539583
21408,42.07504881957455
21437,102.78195157131472
21457,43.552021864893845
21489,94.12145713400977
21509,57.9958258417729
21520,22.54777423056551
21538,37.280117654466785
21589,155.73984833891947
21624,94.90104474177492
21658,75.57263011801491
21690,108.1754800847542
21725,96.11514693321666
21762,100.08529466439299
21799,90.80853469248598
21856,213.37851584037153
21893,139.16338693595762
21906,26.753035395803156
21921,47.06349091966819
21931,20.128709759772278
21946,31.701224100120506
21961,38.50738690396807
22002,109.19729950960732
22016,38.956021149584586
22034,50.518614768035
22049,33.696515215705126
22077,62.295750405015525
22096,49.31167655223794
22118,54.843614888381154
22138,41.43628409998952
22159,55.410479465153365
22182,80.42922279134334
22201,49.630942421611266
22221,54.8134517691979
22227,13.423888467787648
22228,1.8393972058572117
22255,56.756969743898445
22269,27.75016265484594
22305,100.4404258845605
22306,1.8393972058572117
22323,53.94364735948373
22342,50.780556099074296
22358,31.95759059756456
22384,66.9222279990833
22412,66.56797170051787
22440,83.13487047895623
22479,89.18614295046233
22502,66.43911259881719
22524,46.265956119627724
22547,48.37882190274268
22585,128.16393549154222
22603,38.47272258245738
22608,9.749797918314096
22633,80.2788801819349
22639,13.81573143782421
22660,51.89464990584639
22681,69.26772768021556
22682,1.8393972058572117
22693,31.615558893771635
22720,80.36864218550932
22737,41.27981265987104
22755,46.19484533033094
22776,52.81422797815926
22802,73.8973612955326
22825,67.47046401383761
22844,44.078580152241095
22872,58.75977605084381
22899,69.87622600313692
22925,94.7091740805241
22944,45.419832429517136
22958,32.8998929746065
22978,70.8232152040848
23014,83.27089804003363
23040,91.59322884905902
23075,103.99290755225412
23099,68.30969141598348
23123,69.08027536220034
23146,52.73025536023963
23164,36.66954052614119
23184,47.012187473409185
23223,123.76946840215773
23257,113.63912657456895
23281,59.46790764802981
23282,1.8393972058572117
23318,122.06703441649384
23342,90.28464109276638
23380,76.12639112200583
23425,159.7555808609797
23451,76.96184469833277
23477,85.16397583407432
23511,78.18770068018311
23518,14.501354210734808
23561,119.60733638574365
23604,138.65657842408993
23655,145.2235856803427
23689,107.82932834353169
23722,98.13471216644827
23759,120.00397844895426
23760,1.8393972058572117
23781,63.09752777050896
23801,47.14332352419005
23804,5.5774363952533275
23842,89.88064240113829
23881,131.16906805661745
23919,132.83333487133302
23957,83.48138483047
24000,102.04340583804822
24049,141.71437767996247
24070,43.18013562083049
24111,106.83053535610524
24153,126.19154176089619
24199,156.53894707881284
24225,90.69663811131254
24232,14.055552782420824
24259,90.12742528633042
24270,21.54136973436185
24299,63.74955499295818
24352,197.38641983802725
24366,33.08118547246365
24387,45.46032049141682
24404,39.220723785906394
24419,31.689603367646168
24471,141.07021692728935
24481,31.32945248438064
24510,63.85864797103764
24528,38.07781027864186
24557,75.19089980815426
24579,62.73242885783624
24629,131.73913103674766
24652,50.696833989964865
24681,79.65742457699626
24718,108.99124304100343
24747,89.33648210883865
24792,151.45564407602558
24796,7.558712312097095
24824,85.54369048422005
24852,102.14749189189529
24879,93.8746936483386
24880,1.8393972058572117
24884,7.807949311733585
24912,92.17364026143028
24931,60.58510092353618
24959,70.99851059609068
24990,84.31445388926228
25017,61.09783456854674
25043,56.98479068543026
25073,85.87053253752849
25106,81.31748959933526
25144,101.69447292227865
25187,113.61880107188321
25229,109.90966006239685
25256,61.57039190115808
25276,45.79198041374738
25292,35.78831157074278
25327,90.68874306614781
25357,65.02046835834823
25391,88.89602239376059
25439,176.72670036743017
25474,135.7491742774868
25511,124.37432782405827
25533,71.51156486528586
25558,68.91518853651267
25585,79.84732657635153
25614,86.5503357778584
25658,151.7350565506864
25684,74.39382916779007
25718,126.12476672284929
25745,74.12944640396077
25777,119.39626258099183
25786,17.54219159491208
25824,129.5264759628578
25853,81.16782633925214
25881,88.03171198047353
25911,93.54765990345834
25943,84.45491101017981
25944,1.8393972058572117
25974,78.36253107401868
26006,110.50446891743016
26032,72.38773058482849
26056,53.0730860234217
26088,93.34167937793576
26101,24.373370927520906
26158,151.236920965151
26198,118.94835323160652
26231,80.51796898793026
26268,95.43325490401168
26298,59.84728714667939
26343,115.0600086254322
26383,152.1061684530034
26426,179.46891635904527
26470,142.40355767776853
26510,103.26224016991279
26527,41.89620777698476
26550,79.00617355621819
26575,74.25832245119518
26595,43.99819551019807
26612,33.610221421792794
26654,118.211492306698
26690,93.63479314362776
26727,104.1422684157876
26747,49.44268468066127
26784,97.0674801217869
26823,148.22178162408443
26845,73.30627325922596
26852,13.993992104688067
26860,15.53527696726817
26890,82.29819476203262
26903,31.70609308836866
26919,38.45752810564147
26931,24.920005234808542
26949,36.676555012286144
26969,70.95610533047629
26978,17.342387067928335
26979,1.8393972058572117
27021,173.8751198568475
27038,55.83956176127073
27081,131.98229343956683
27104,52.56257225209007
27112,16.67598344633123
27123,28.14386510498923
27153,76.57870734223282
27175,51.95848377938496
27197,62.978605263261954
27215,48.92466017195417
27236,48.41517710829872
27257,60.3625648351637
27261,7.636175829074377
27282,55.79283506570782
27307,81.942994080357
27330,61.162538084383776
27339,29.464108943499774
27368,94.42829928605086
27378,19.84468788149588
27390,37.23135696781888
27400,24.560013869648778
27412,25.404361781413613
27426,37.25911246190871
27449,80.60351162436329
27481,80.95526102049193
27513,79.54682024265348
27514,1.8393972058572117
27518,7.735990729324984
27549,97.6983073429566
27588,115.39470613311013
27623,107.46802177823598
27628,9.426514126282488
27666,140.20051998910927
27703,114.6347345812944
27731,86.05873026132356
27770,109.93147783070874
27810,128.6097963942629
27829,42.18936368627782
27851,52.4286086039077
27875,50.588377059545934
27898,53.52865160075704
27930,77.21692083119791
27957,70.16414555765498
27984,101.8210987982712
28014,94.99118958936346
28068,161.60580452473098
28109,126.10123094787608
28145,106.95711283511005
28180,94.79204766807986
28193,26.152683964691523
28227,69.4071739365135
28263,85.77162888662534
28297,96.8159826476022
28358,177.23272467555228
28363,10.806866745647303
28407,101.19871944388423
28417,30.486970393281958
28427,31.07965050180529
28451,91.65806069996954
28465,39.250795096390526
28479,47.3695685110402
28489,21.75955394947057
28505,37.93228838951271
28538,100.4627336618087
28572,92.46845449667316
28610,111.60775346364491
28638,71.56588108620477
28667,93.61646011071274
28698,106.69142628831223
28728,60.16358304895978
28760,88.43779680972773
28790,64.97669442448202
28823,104.98489694302063
28828,9.362813959887445
28836,18.083863485048024
28849,32.05834570396007
28850,1.8393972058572117
28857,25.249302900762025
28865,20.40227768528689
28874,29.84151943225992
28880,21.390329900185204
28887,19.763364746161656
28899,32.6904527116561
28908,22.815463062451762
28926,42.09468169812563
28946,50.190120046794895
28967,51.347033700504
28987,69.66159550512485
29013,68.35872507464157
29036,69.73699260662912
29058,56.981164205041914
29071,25.677755522528514
29089,49.18478905633114
29127,133.7528078202509
29162,83.4952109767144
29200,124.92827233869923
29225,57.30484265743858
29245,62.108201791197075
29275,85.40299447348296
29296,62.92990189879777
29319,62.9344619329301
29342,63.228063772682596
29359,42.7983647344229
29378,55.64350631543299
29396,49.454791727018474
29416,61.826830862550366
29429,41.130119477178056
29456,79.47533843846506
29485,72.14707954520645
29505,54.68149708102087
29537,78.33039587854543
29568,65.19551247386757
29606,118.81592968263729
29637,75.57459135934411
29665,95.22631305164036
29701,103.29421738560296
29740,128.9458097901888
29764,64.42469883287914
29781,45.12570729562488
29797,34.23369182530642
29799,3.698444536898488
29817,52.407216558949834
29827,23.39621409216631
29851,63.278650778596806
29868,50.63952050377115
29880,28.527353948888038
29903,57.0829273560998
29920,47.932029779435744
29933,27.66346482876785
29949,39.021560966971336
29980,89.06601831873866
30022,98.93021854633093
30050,93.61642302108832
30070,65.75919042540522
30092,45.38500935367247
30130,108.28218296030605
30153,95.408886746374
30175,56.869904639032995
30177,5.766424372192137
30185,25.749418652723886
30218,90.32920649726493
30264,117.66989821177607
30286,54.764823086508585
30317,92.06885537680635
30348,90.6697032271409
30380,101.86261083899863
30414,92.06759888496369
30449,116.5399481682089
30488,89.51977461383967
30532,92.50746859880007
30575,118.81560793727446
30605,86.0906464083446
30617,24.582645963202843
30631,32.96753703273559
30656,79.0591507095793
30674,41.16063378897065
30682,16.747892664296256
30707,77.57416122202639
30721,28.446683734985264
30734,33.848569054234325
30748,35.788614889341034
30764,46.1373218132586
30791,71.3373426332846
30807,41.312014371504596
30830,53.74018264800343
30841,24.328125128504993
30864,57.87486068839857
30887,98.10111283193531
30900,29.290129500943895
30917,39.57333577861794
30933,42.36061866339996
30943,29.022067873880108
30967,71.20948742171834
30987,44.129982878591285
31018,71.17038618529284
31047,63.04248184672326
31071,89.01335780173542
31102,76.76296555698357
31103,1.8393972058572117
31118,44.53664550432543
31136,41.23176160922407
31171,82.78617301490213
31202,106.26415328522265
31232,72.31087093597698
31244,23.903651029632762
31259,39.81060886480113
31287,98.47804815577194
31304,53.778900064600975
31356,156.92677354667035
31391,85.64332286071448
31435,100.41592809266663
31464,92.2284691444205
31503,115.22066650267243
31535,98.1121960004267
31569,105.19869499283536
31609,137.42430292655663
31642,115.69948565826148
31665,52.627500424725405
31724,209.62759139330674
31749,54.37478162743774
31784,119.235977035719
31832,130.99014156874347
31859,70.64412223735198
31893,107.7799731689077
31926,94.34933720505809
31962,114.83606648434927
31997,104.08959990261384
32019,58.84399286365899
32041,51.161759046685106
32069,62.16087160368889
32103,95.69392290636438
32127,65.4432701088696
32152,64.2497702577013
32176,58.7841525714265
32232,150.395194022459
32257,61.145916524679066
32286,101.17179485974435
32333,141.63854987582513
32382,97.27354089372771
32412,95.32437561035238
32446,103.77979156358285
32478,102.85865969337043
32484,11.767903444970884
32493,19.19417436994855
32497,7.983347835313806
32510,31.38157486835393
32521,30.213111411118746
32559,137.03953165149622
32605,148.21044244340294
32624,57.9994952875803
32638,31.31436289208575
32675,84.39874431099534
32698,73.13151215174314
32719,64.4807814536248
32745,83.58649450002702
32769,78.63758706854338
32793,56.70501985118187
32797,7.817105942294214
32821,80.07269091977055
32837,64.18965798614983
32848,23.465754915882265
32873,65.77867738879809
32882,18.091945441895618
32895,25.698036959305835
32910,36.67171799468205
32938,70.27812172922128
32966,80.96290606535038
33008,132.0786607672001
33036,70.36766249972224
33074,105.68695353755155
33101,85.19283563886836
33140,107.7249010750043
33171,87.39407721116146
33204,84.4589658461413
33207,8.618874174557245
33220,24.810247379321023
33234,29.156067868594075
33265,86.43710601782843
33281,52.72052277447638
33302,75.9754114738344
33321,44.511363821525165
33345,68.43352514034282
33367,48.62139822633833
33393,68.9657954769538
33416,52.466038202076206
33440,61.369226403519356
33464,45.20608289197884
33483,64.1483838203225
33505,47.78206639365882
33546,108.60901934922643
33587,140.521065401472
33613,57.199840636007615
33639,65.51876677710837
33640,1.8393972058572117
33676,113.69543223680984
33723,113.62338142402547
33755,97.13487943261869
33802,100.6030517918829
33833,91.22779284217528
33867,97.8863633856724
33893,60.83998690026393
33894,1.8393972058572117
33945,159.85256954390255
33983,121.80373682840899
34030,133.18835697079228
34060,83.40594164842605
34117,181.88483827620027
34144,52.77443317920996
34173,68.90908073178795
34208,116.83023682170366
34245,115.64872550904498
34283,132.8291552639916
34324,128.86318060131148
34355,94.1851931488655
34385,82.00503332550781
34423,109.94289530578673
34464,119.06584357884643
34489,66.82948869344102
34524,86.0869208122547
34547,45.70543635790397
34550,5.570430313118754
34584,100.33521901273427
34592,16.782883768014425
34639,154.0814666526848
34657,43.97029581465428
34684,60.00177353086095
34712,75.62153957280438
34763,131.63227389939453
34783,61.49388361034626
34802,47.8100499063076
34827,66.02138226969696
34850,74.42760248990298
34862,26.95185313317203
34884,78.80411015951657
34911,76.30498120631272
34928,46.73708202411491
34947,66.99172527663484
34961,28.691883062341752
34990,98.3551201785887
35029,106.58301762248338
35068,109.55669577354006
35116,108.50487300699612
35154,104.88121002583884
35185,76.81765610187902
35225,142.50996578527065
35229,7.466781136706764
35269,92.5612709177976
35283,27.66837246516758
35321,121.23248416415048
35354,79.34981357289843
35371,36.13851307585175
35416,122.7093980115066
35430,33.091371835045116
35446,35.269875100706784
35467,79.45959321518396
35498,90.27204819847546
35518,48.12613825038528
35538,44.52753431763499
35560,66.67022436282
35579,61.50888293954507
35602,74.56184112999199
35620,45.744824509300805
35647,85.20994659126191
35680,77.58332459535406
35714,81.99732143649906
35733,52.336730442424894
35754,65.39036965671424
35769,38.07572926555339
35783,32.53810904634481
35801,63.96146514984497
35813,26.88414526868069
35848,101.12480967900325
35882,87.31382046946125
35904,82.26684232938243
35935,108.91795282669709
35966,118.76338951455234
35997,102.01898859105856
36011,31.118860513113713
36037,54.02365370449769
36074,104.02880106448816
36108,84.85937696213502
36122,33.09860147696067
36137,32.52590992449257
36178,90.04908585509683
36200,51.78345089663339
36221,64.05145431355525
36244,82.73524686056224
36261,37.04643515743767
36286,48.62490985599946
36316,76.25498384510496
36347,95.82167211211889
36380,111.35061375598829
36392,32.57678542842128
36427,84.27220740124464
36430,5.688022147355797
36448,39.38120485602282
36471,55.9955541997551
36489,41.70726809239666
36507,46.030607582550545
36542,120.46128570342074
36603,165.50311098118212
36634,105.88930353518839
36665,71.4285911238551
36693,68.34931545130166
36702,18.723109190820253
36738,125.63613557556991
36776,140.70736867437125
36797,45.62964538723266
36809,27.452634486458603
36839,115.73783039615748
36877,81.71494208777385
36893,34.95310991841506
36928,72.35848073925199
36961,78.73850449447248
37000,91.51458667022857
37001,1.8393972058572117
37042,154.8045977547127
37086,177.95913316392046
37132,121.5986557081564
37173,107.51475115632799
37222,153.9737006939199
37270,135.39694725948354
37286,31.84011374209582
37294,18.943473827976906
37302,27.16946807897044
37319,48.01782411902825
37324,10.455296448019357
37343,49.516552749530064
37397,193.77981738451382
37407,23.79018370938718
37421,26.978675479739632
37444,57.64712931365872
37469,90.01889982669718
37500,70.08065787812983
37537,98.04941406922771
37572,122.93710586672142
37611,136.82617017858246
37646,96.94028423064879
37696,141.46451564090876
37757,136.87870099342797
37797,99.16042582123347
37822,52.257224713173564
37860,88.53221920639044
37891,77.73641124201248
37934,113.35307819549767
37941,13.362749242749173
37952,38.04651763384159
37985,86.0002609352696
38020,114.08422343085785
38030,20.591905973096253
38075,153.39729101420747
38091,31.855067380760115
38116,51.58334378459822
38143,79.26595411834768
38160,33.47484376324583
38189,87.90728206661612
38191,3.698493514615908
38194,5.836256988494501
38216,72.2678003763274
38238,73.5437718798917
38281,111.0775681453098
38297,39.131209049064
38325,73.59922170716439
38333,21.362006030214083
38345,32.32778912567302
38355,23.10036637983326
38365,37.62321651272861
38369,8.31390733815932
38373,10.27904048498414
38384,32.80533478121013
38397,46.10817536637833
38411,50.66975124443229
38435,85.36856054380354
38456,53.14841927136911
38490,85.61233015862331
38531,121.77309686891047
38572,106.90462255419222
38611,95.87613064996417
38648,105.94367057071152
38687,125.07118010514047
38728,108.03462109419876
38774,130.77820416599053
38775,1.8393972058572117
38791,36.343177077992834
38820,87.50154361961401
38831,24.574255978727706
38834,5.662278334847678
38850,40.632613388705124
38870,62.49483090760339
38882,26.657507877683877
38941,214.61647786314234
38963,51.13456858722351
38991,88.71476878448138
39012,70.02976510533617
39036,57.87042392965951
39068,115.57589319236352
39094,61.90970465908198
39111,35.669633387728815
39141,82.86007131841616
39189,143.41836236221903
39210,73.35135509971855
39248,114.30262907758637
39298,165.45485532604627
39356,161.05408998784185
39414,130.42309605532878
39472,161.8450138674308
39473,1.8393972058572117
39512,104.47071740807553
39534,46.824881602567714
39560,86.05429069580958
39612,131.30844639461546
39616,7.463108704114717
39624,17.298452954882656
39631,16.543302607981694
39643,39.21390481883118
39665,74.94394221383754
39672,13.797296098934227
39686,34.289882661994895
39710,55.219977855287
39720,38.68820210825031
39731,22.876497231644926
39746,40.24685372828313
39747,1.8393972058572117
39760,30.078885189657278
39787,71.8449600973159
39822,75.6608200953074
39857,104.68760639069157
39890,73.87842175836839
39932,116.48070595782293
39975,96.76854242951985
40010,106.88854480242308
40050,109.68331965321468
40051,1.8393972058572117
40093,118.29076814194792
40121,100.43665954140016
40124,7.444162661212356
40160,91.18321652107056
40167,21.35069801200814
40169,3.7148971956897023
40174,16.94959314605621
40182,16.655466027603453
40192,23.249667280085283
40201,27.235970436897958
40209,17.283546928176804
40225,45.91737629092354
40253,57.43707082587731
40284,107.68776372265354
40315,74.41968682608842
40346,77.28470085007986
40369,50.257097089673884
40388,36.929282225929974
40427,79.0429634447467
40467,117.47367012009343
40512,111.7195530026982
40555,136.886262359557
40595,121.08495940869426
40620,72.58969219083224
40661,104.60336701904214
40691,109.99224872232234
40762,214.6201456881016
40810,176.5663031600832
40842,75.70446134172559
40852,30.328381949754903
40905,143.46827281059575
40944,137.34750362658212
40964,62.18234920520292
41009,126.81671125718844
41032,57.69172996323414
41054,80.83389485698432
41078,61.702998884671906
41095,34.80948178443461
41121,94.14931534927858
41147,86.2189385483986
41175,101.5936051613977
41195,43.6619454081127
41220,96.41515509978177
41254,108.13619092409118
41255,1.8393972058572117
41271,58.63249491072225
41296,71.4562718224389
41313,50.12280834989035
41339,66.12645132158549
41368,68.32347352058414
41399,82.5484922684103
41420,85.20898533624501
41453,70.06085057573246
41473,61.07419891596146
41481,15.357816151549372
41508,68.17634064556802
41521,25.873778516454724
41555,79.07995234072446
41590,111.60826391725101
41624,89.41454209175302
41646,76.75593552516246
41667,74.45437435315074
41697,63.4753588978824
41718,47.073761294103434
41744,71.79019159995339
41745,1.8393972058572117
41769,67.34036050608283
41789,39.87809289311241
41811,68.57149801702025
41850,148.7174956610499
41898,138.73302818092407
41935,81.41345181087665
41974,108.83388865526405
41994,53.973343550069984
42021,83.99670676430003
42042,56.28249107696346
42072,66.53626308703976
42105,91.77369915801613
42119,28.52313565725593
42153,106.332364157706
42186,82.62398164735018
42211,92.44256969188416
42232,45.391702330103946
42243,23.06634283636441
42268,75.00653767548239
42279,24.24813761681479
42309,83.69629157041834
42344,97.31165165160974
42356,24.50595241849656
42378,46.33651268237509
42412,112.6527528537062
42436,53.890313485691166
42469,93.84915502535462
42490,46.63584822564784
42533,116.34377931679461
42570,109.6160816592118
42607,98.21106680556602
42636,63.65494725026389
42654,35.23336464133053
42673,45.01904371734887
42734,148.6335276629123
42782,146.77151046101775
42803,56.51403891987585
42831,92.65818522169856
42877,146.01461709249344
42900,83.37566683311579
42907,12.961823550468399
42908,1.8393972058572117
42954,141.0168384651745
42974,41.10436095910063
43001,107.97599972462277
43031,78.80102571859773
43061,121.65684680273746
43092,83.33052566737116
43138,150.1334904483015
43163,72.26582147991815
43188,74.00492740173617
43205,33.61571767708974
43223,43.44780115929118
43254,89.4549131225086
43287,106.81567863350443
43321,115.91900632913617
43349,79.36718362601047
43376,84.21658129948011
43395,41.24505934466592
43417,52.060331363833335
43431,33.42970670699806
43457,65.70134631544438
43489,69.18492573078248
43527,129.82212135176655
43571,106.04828646639892
43603,89.13914026810394
43655,158.73949841553323
43687,111.98403004644526
43740,178.8369494428079
43767,110.71298277278005
43815,163.17332842923608
43834,40.5015028647865
43886,127.33372084108382
43912,92.86456403449746
43953,95.50612451395664
43985,91.16430431350297
44018,103.7801670117912
44050,71.64442500595479
44083,92.16505186650686
44123,99.67123434530203
44166,173.02118668836206
44199,81.77910083606841
44218,43.915442539326584
44240,51.36026558537502
44241,1.8393972058572117
44269,78.93837518692558
44305,121.10997800255608
44307,3.725686863248926
44344,101.00306289532782
44353,20.08213950864527
44381,79.50723703727427
44407,65.119463169083
44439,104.23093955320188
44454,42.68700305717118
44455,1.8393972058572117
44463,16.712115641596725
44491,71.82870122411333
44512,51.996132570617085
44530,45.71245730347917
44554,83.26870282341616
44579,76.4645304938702
44608,87.23919926339205
44623,32.196658882677944
44624,1.8393972058572117
44651,59.23148143981969
44669,44.60825351717835
44698,82.52294109945912
44701,5.796492737347593
44736,113.09535359925016
44783,155.9618926295795
44797,48.311198860659616
44823,61.429072452609205
44839,44.34105443812375
44845,11.096995938832253
44875,78.26426171073138
44905,75.04390378482988
44924,43.938670435965115
44955,61.87048160095991
44957,3.735200678873402
44964,13.832593417053316
44986,59.7483383637948
45038,130.08141293637644
45072,122.0163896650488
45091,39.16907238982585
45110,52.5396391959401
45141,81.48980229763868
45191,151.80289357110928
45209,41.43036882112125
45248,138.81432576235352
45249,1.8393972058572117
45267,44.52954389176214
45294,74.75834017029163
45321,70.28902866805213
45363,104.130416832997
45390,69.34943883648324
45414,59.16299433093879
45438,80.54385319498384
45462,63.297613976308796
45485,61.150377537543875
45519,92.25583389504376
45542,47.217902387942054
45589,108.48885398405514
45623,73.97797237367824
45658,123.90539728724896
45693,89.93426217733881
45760,256.0158127514135
45819,157.8178652406445
45820,1.8393972058572117
45833,32.293447990907566
45881,121.77457102429875
45913,87.33586685192157
45933,42.56693038503507
45967,93.3567955675433
46002,82.1950780326652
46017,56.03002612795072
46074,165.96064848408167
46075,1.8393972058572117
46088,32.978321010650134
46101,28.760917073449193
46112,26.28416707720291
46131,48.74163289590201
46160,111.76563381792644
46171,31.350582209260835
46182,24.269380051891194
46215,100.32261552409862
46249,66.52584915116738
46297,189.4563909348521
46345,119.48810214002957
46394,154.07747433117137
46449,161.24188619620202
46504,164.18468983363616
46557,122.26340930823393
46588,68.58245890353867
46652,181.37589182547018
46696,125.4969096852942
46716,70.44633642607549
46738,59.6033445631738
46761,60.371204962423484
46784,63.37503609030522
46866,249.48004241831447
46869,5.721158847279043
46884,38.68121764198854
46909,61.78283233166829
46934,72.59691076431997
46948,35.23644354018202
46962,45.59791034324522
46984,64.08177686626045
47002,49.855323907972426
47018,37.248898538734096
47040,82.16678918430583
47054,27.00488824495762
47083,88.83090628712777
47118,103.66409481189389
47136,38.5251898878663
47178,107.0748272468936
47217,132.87171863909685
47231,26.389836366343708
47246,41.57090039732263
47275,75.67397824063558
47284,19.029362692528146
47315,108.17465729905695
47330,38.09565205197354
47373,141.57960564278815
47394,52.53403666386506
47423,75.62571449497727
47446,51.46225962062711
47481,106.33937494897955
47510,68.65596425292676
47547,103.16282139580913
47611,221.77178593888286
47645,116.64144475396303
47673,72.80457342896864
47689,34.34926003327349
47726,121.88989721790857
47753,66.13890460839984
47784,70.43633704164849
47818,106.46653372471718
47853,95.22073876311345
47886,88.83990317567172
47919,87.19124380918817
47963,135.3210340349705
48039,284.7539248133739
48082,168.49788486252245
48093,32.56140576439927
48120,69.09568330996707
48168,170.0856135982133
48188,60.00187180809126
48221,72.01623440739972
48268,109.47294769344164
48310,138.2938713389539
48367,178.2297077058752
48407,96.84921855157508
48452,113.46546191739974
48503,159.83446461202777
48533,94.88459820585139
48548,30.269192200544417
48610,162.45170921327815
48634,50.734702916512035
48697,192.69866074702782
48717,40.74880188756776
48747,66.43818805494891
48782,103.13025723884356
48794,46.69389690621537
48823,74.78249697128989
48853,79.54452830983124
48867,28.88378284007144
48881,28.398070469947708
48899,37.81023084606427
48903,7.359113202192214
48926,64.81363306141365
48944,40.73633649751133
48958,27.558978587999412
48992,77.08626202065307
49019,97.15757995933706
49079,191.8056855662708
49093,30.388269512211423
49140,127.33995665430794
49166,78.18781977976897
49216,115.18539318230287
49262,149.94437063001362
49277,31.369944224383705
49312,90.18409160425865
49360,147.7042222540168
49418,177.22620187622772
49454,91.13673417573875
49495,127.37913842964967
49524,66.19919879253187
49589,188.30107115911804
49627,103.90578451217701
49686,162.5784910259373
49687,1.8393972058572117
49713,63.91216601377562
49755,132.47290962321668
49772,57.84836137659778
49813,142.56983772366425
49854,129.77860275613702
49898,151.47405967282813
49904,11.297377850300103
49932,76.14829904896138
49958,96.99083223363016
50003,130.0119778213676
50031,71.76063845616535
50085,146.62089083033
50099,40.57016113097302
50114,42.20654730524972
50141,85.67297448057954
50153,32.88615597912732
50158,16.47874240615697
50163,12.734440959072282
50164,1.8393972058572117
50166,3.815278115137422
50188,47.31548176498755
50206,33.53424327290625
50226,39.58903363613445
50258,80.0165849081089
50297,102.7172450822347
50335,104.91463707819223
50375,101.03642480706822
50415,110.61353730398234
50453,144.25315092731626
50496,109.34293741757732
50554,174.6835320757752
50615,152.78696728184045
50638,49.61789987778656
50673,121.15049660879555
50706,100.07702462631866
50753,157.98963517029622
50766,26.042393590197467
50822,123.11833100693728
50892,193.55337115158449
50926,98.9564839848089
50956,78.97995498901811
50991,79.9632618066806
51046,182.68490050739786
51109,252.59683656478938
51139,71.24747223774705
51187,123.27375753669637
51223,103.410026809031
51255,88.63824373423084
51256,1.8393972058572117
51297,129.7140656438338
51337,147.58715087321883
51381,118.84717256072112
51382,1.8393972058572117
51426,170.24576466634352
51445,67.66339393044815
51460,40.14870293281717
51466,11.447603003463412
51481,33.367719012147916
51502,64.22306481685006
51513,36.24171435561868
51534,57.21831808274719
51558,82.88915585902716
51576,42.25520075321217
51595,59.426254757768014
51606,22.869826239279984
51628,54.67072016861013
51661,116.19110293524764
51680,52.960638691206796
51681,1.8393972058572117
51708,93.84807848362361
51728,43.28225341799042
51769,147.9238677807241
51810,130.90200690417518
51846,81.69146153455357
51876,81.35582114207347
51925,134.38314609152113
51957,94.21742934243206
51958,1.8393972058572117
51993,113.91848536360052
52032,81.26996586629166
52062,82.4418066272854
52090,67.13800930702705
52121,91.0553440332031
52164,122.40368845007049
52209,136.47608600394477
52258,129.32150192980862
52291,79.01171909374035
52344,131.99462552892993
52368,66.75068223176902
52413,141.868658975085
52459,143.314628184109
52484,57.19544691891199
52541,205.17064463573936
52569,77.13820462265625
52599,79.44049359789936
52600,1.8393972058572117
52624,58.66156838893333
52655,86.01864972559864
52682,78.2527504044222
52713,83.03614967200997
52742,72.1084335081094
52773,99.57311935072212
52780,14.419602685153786
52788,27.445726328987327
52792,7.807356915752717
52831,120.80260484568504
52861,88.01259009525178
52875,27.52772986564936
52894,39.974458835329706
52908,46.697798064503324
52925,47.11566261873866
52947,65.34601809469473
52954,13.536690488400765
52982,85.780448102491
53004,49.37992460203515
53020,51.52040127547078
53058,122.40331336381948
53066,15.3739932097527
53101,108.92112583879401
53147,116.87789432386411
53182,104.20917333773274
53226,126.86085680722788
53264,90.34875238235813
53302,115.92244390464556
53340,135.7468808334742
53397,186.1631474357705
53419,48.155031978586564
53461,104.40773411926719
53513,198.44281809554425
53539,75.44440234824052
53593,192.7822656227352
53594,1.8393972058572117
53614,55.78619944527678
53630,40.0411193110697
53648,41.48503932663973
53664,61.21954123015227
53684,59.12800285925561
53700,45.238137112213295
53724,73.98661557658923
53747,61.959905025835226
53771,90.38736739136301
53781,20.5852468965342
53796,28.69859393878533
53826,105.48485577762757
53863,97.0269704881374
53887,65.67664993647641
53918,101.67825598025236
53953,115.34757969689932
53971,43.942502392016635
54001,90.56813175642618
54034,80.30955645121493
54050,36.53286491383781
54069,46.949560913422935
54114,104.77502158321882
54161,128.4367215396346
54184,53.7275392441984
54205,54.32931225932965
54237,86.35868065607117
54238,1.8393972058572117
54262,73.86113030970601
54282,64.82647240996786
54302,50.655142763613334
54339,82.504925373332
54367,97.41082522463499
54398,84.74895810074074
54418,43.75134543311049
54459,124.24121238525325
54501,143.70928717839348
54561,143.9572468674798
54615,172.35174708724367
54671,200.1592944788837
54725,203.57554657805514
54782,190.76413928466448
54836,164.7674946387945
54886,169.59891161688333
54887,1.8393972058572117
54937,122.53782616488992
54965,61.77667392711377
55035,237.3955366268308
55081,161.03655085902273
55118,80.17236325531246
55155,91.77796619350826
55194,125.17842300045821
55233,91.57815462625373
55274,161.15035041038624
55311,83.69924849876845
55380,187.91626108736568
55415,119.33145788959874
55460,108.9013283163555
55498,122.72961111432551
55537,103.28094440510276
55584,120.23888168226897
55664,177.25673982710234
55720,120.97582736537159
55746,61.20351023914529
55772,83.73429953482777
55798,78.52123088678616
55856,198.31106384396017
55881,83.57261771081089
55900,44.07100698234001
55920,40.620248432442764
55965,129.84291883889105
56011,156.9355443912215
56042,76.98332425513915
56075,84.87896075988402
56099,52.54833873978211
56131,104.14780675619114
56137,11.17907222535813
56170,107.86002629851295
56189,51.62524925326702
56208,61.308896713595956
56226,60.66573585201136
56248,69.85114507123745
56249,1.8393972058572117
56289,118.65750955484451
56311,44.803876159790924
56350,80.61075968613756
56406,186.86368444815906
56432,79.03931801788856
56466,95.73075493279012
56533,199.47363315196202
56572,110.8389321476618
56620,122.90099357403278
56636,31.31967085007496
56684,113.87291652913937
56719,89.9174628515516
56756,87.96558177478234
56757,1.8393972058572117
56798,130.57162237379768
56839,139.71646173414058
56867,55.76067565451915
56897,73.48649953998849
56945,136.2598558132997
56954,18.222189473586134
56988,126.33968657447237
57038,153.62418881232261
57066,58.86065804484835
57092,63.38899236436422
57093,1.8393972058572117
57117,77.87798528072898
57162,137.72075127273817
57189,85.64701325050206
57248,149.13938719454703
57307,165.9732437553034
57359,114.53407781248168
57410,114.2117432934965
57447,86.34155623365797
57450,5.659558256790261
57503,175.82041377795338
57535,94.98328351492256
57536,1.8393972058572117
57557,47.78956278191625
57590,77.85919141788024
57649,143.48977300349506
57718,233.47694882841296
57719,1.8393972058572117
57751,90.47440117679575
57784,70.7326899094854
57824,111.64797076508674
57897,191.41816138608624
57944,115.12381355302306
57962,44.57652743799942
57993,90.8501349072995
58023,75.81106849438129
58047,56.92025288262052
58080,95.96951162886177
58148,176.23540795013264
58189,132.44696793836755
58197,14.928938565015502
58229,91.7755581401233
58277,165.29760287982003
58315,120.40777869964138
58337,59.29614793464485
58384,155.34832553557877
58417,77.58529695259234
58481,209.67648162756137
58524,106.73342711034394
58569,182.9853902301322
58622,179.987679829849
58654,98.77222713026534
58702,149.50829510600647
58742,103.83026517082415
58778,91.30272150623789
58800,60.07422696916778
58801,1.8393972058572117
58814,31.056163731746693
58829,51.002167336945746
58860,96.80208915632704
58915,160.42987394542968
58916,1.8393972058572117
58950,93.56493691254246
58976,57.92647684879519
58983,12.994962825408281
59030,102.8816181581446
59082,126.00658283813402
59092,19.309710075118602
59148,194.9271137143442
59198,145.34021827555495
59266,204.64072999841113
59312,133.4855414244568
59358,144.3606040410159
59390,108.64603811355704
59432,131.46069852522248
59507,189.95794878226815
59539,80.76785807169378
59577,89.94623893584759
59635,171.26669606921448
59676,97.78939642890501
59685,20.048010868394705
59686,1.8393972058572117
59705,56.093913661316144
59741,83.8550006540441
59767,71.01944271332405
59806,96.24066674555534
59852,147.65884829321266
59900,203.28849591844252
59937,130.06018060696508
59985,139.66763774049667
60039,139.55232617326362
60054,45.17529141748139
60056,4.895896566941903
60059,6.304851066593159
60060,1.8393972058572117
60097,141.31897483847004
60101,9.759434061803628
60143,170.28812837756794
60144,1.8393972058572117
60168,60.783633259349934
60180,32.10212393147008
60191,36.82833659830966
60208,34.00727757679503
60239,78.71491669631035
60277,87.24796429702813
60316,114.45575725307228
60317,1.8393972058572117
60353,88.52002056116928
60402,121.20389651829919
60452,129.19014512372448
60503,185.5328957159012
60554,166.360249046653
60589,83.65653271896744
60619,94.32395874580168
60653,94.5384606305478
60685,67.70780794675616
60724,87.73818050185906
60761,138.8471936225391
60778,39.243955346039456
60822,110.71645119283049
60869,97.22132248790386
60957,228.83644313524132
61004,143.99229757822013
61050,134.96771942590524
61070,51.35697649104144
61121,150.19785273279447
61153,75.70755676614526
61207,169.93565296980807
61243,116.16450976946386
61279,77.48225178553528
61338,186.64373233832723
61339,1.8393972058572117
61384,161.8825371409693
61428,164.56507368440566
61481,132.9013643527858
61519,76.94543104246131
61572,181.42658531706715
61616,111.65270644452323
61663,133.97295592710665
61731,147.8874941419198
61776,173.37663422506253
61822,136.27260606249655
61873,136.95753025192812
61919,151.73584034814306
61930,21.758762441408006
61944,46.47543499838454
61956,24.32032453027739
62005,160.38426849541958
62020,29.841032470534444
62043,53.69575294419695
62068,58.665931736063136
62087,49.741309941074334
62125,115.5534013936416
62157,90.2229668765176
62208,177.22283131990088
62241,69.22903497726664
62276,114.92174289008518
62300,73.69637841119646
62325,62.883753293325825
62352,67.94839057065488
62395,129.13645110081538
62440,129.37721122699463
62482,94.0762084973877
62483,1.8393972058572117
62513,122.5685342650462
62545,70.91875336882856
62579,108.70278815624799
62591,26.483349545109952
62606,38.21842938948374
62645,129.00509598371667
62681,83.98449288042136
62698,34.04241954683149
62722,72.56092228230455
62735,27.999864070481898
62764,107.07080390743357
62816,161.60530596499618
62837,46.60488391888921
62848,23.57531173247234
62871,78.7976013168915
62901,90.92570468710834
62929,82.69001218733987
62942,28.10988052428442
62965,62.26608551518795
62984,60.297478015513875
63004,61.132527954387804
63032,60.00829457391518
63070,142.06900250584485
63113,142.8748902012803
63169,184.3029940205027
63187,42.02202732558639
63192,9.763493566780715
63232,135.31527645917902
63242,22.451260130290173
63272,70.17194218481332
63279,14.982272747198898
63301,55.417253851565434
63313,22.66643570648565
63349,84.02997850009794
63369,39.62662141901158
63392,57.391847203273436
63417,64.93486504206285
63446,77.65378208810472
63462,33.64797223631051
63518,167.16747457088678
63550,67.3692643141762
63584,95.94271488199261
63615,73.85347692644952
63645,89.32908755153485
63681,86.43700857225375
63734,111.30392039575047
63763,61.75969555208654
63809,138.62634171351658
63868,172.442972928019
63912,108.3741969350747
63982,182.74181862599642
64052,162.32462536534058
64053,1.8393972058572117
64054,1.8393972058572117
64105,118.62718884135714
64120,56.10460787404995
64191,217.1773232351159
64209,40.958566145374625
64278,148.82818344208397
64309,104.41922544509006
64347,96.05699310657585
64369,46.72694591007563
64395,63.953101595009485
64432,96.7725169368342
64479,134.99798473336975
64515,78.10951645031382
64554,115.53016118066095
64608,177.36881077133032
64658,129.47653458240376
64677,39.28118990942191
64703,55.025607358811634
64746,120.18245236497843
64791,106.74289419249646
64836,115.96960727140697
64890,149.86672454456144
64913,51.78631009272921
64933,50.04882465817416
64945,24.367181095152414
64983,105.73124783898733
65015,66.90785208817043
65044,85.58409546290488
65102,174.54445703271261
65122,58.911168823973
65142,40.08452787073669
65166,73.30049928942287
65192,62.08079936051455
65193,1.8393972058572117
65221,106.40629741288282
65243,54.4003163000326
65284,108.55216637646063
65290,11.737438203940986
65334,130.45383556202972
65351,43.99932203196236
65365,30.597801019004297
65387,69.7289646420097
65408,49.093218522138486
65428,39.70368941615939
65452,61.91255517459614
65474,44.854344041012475
65500,83.20008012048447
65524,73.77198335606647
65558,91.10100976985333
65574,57.805060431120424
65614,89.36719578396477
65638,61.54118004668337
65664,89.78183856379191
65695,94.2335868209365
65727,100.09145766658106
65766,94.09673434218537
65835,203.5556127310234
65860,64.88492335167074
65914,111.32872264681082
65966,160.73498503341347
65969,5.674743774627989
65992,67.6261165205295
66046,185.6640640147715
66077,85.2010296496265
66149,217.59068716219738
66162,26.543866459121322
66186,50.07262257859066
66243,164.50620631561748
66285,107.65749297065841
66305,41.218858937636384
66348,133.6888461883752
66393,153.23442995776023
66428,90.2881731279949
66484,175.21237583250107
66521,106.75901526796704
66557,96.31917445244196
66596,92.80822524436142
66635,91.54826617621316
66661,69.48174788657103
66713,107.8592332190714
66741,70.64916968138175
66754,28.851237012812565
66786,95.88878771988298
66818,108.02398393040245
66837,45.37560612075537
66873,83.06182882728785
66953,235.57095249956456
66961,17.846712368116393
66972,30.252633359793595
66983,34.5094233417538
66993,28.82517101159287
67002,21.130860900606574
67011,20.147295695989417
67033,44.356330290957196
67062,74.66706150567802
67109,141.04592498627477
67151,122.41499603136644
67198,149.397716504284
67244,152.03681495297118
67264,47.416924324604516
67308,126.50061322721189
67356,110.18019018704916
67409,127.57168289264786
67440,87.31926080686867
67454,30.960158249828194
67469,31.460696702330473
67490,74.14727876403846
67512,55.52259861689151
67534,80.08389002706664
67601,180.99002271220786
67625,70.51853439205674
67647,51.11548125774454
67681,83.4622385909224
67695,32.64771306862356
67731,92.73456238023391
67756,66.35554915124459
67778,44.065581937848485
67822,148.2224437734477
67858,119.0082710527491
67895,89.66204366550797
67939,111.36813612388508
68001,211.8353961744725
68024,47.830649435438254
68027,5.580653854866247
68075,100.29175937525585
68134,154.94936796930753
68170,70.67655151446033
68244,205.86271373569733
68319,292.08171716019126
68362,109.63511881661954
68405,131.12988992724632
68427,47.0332985618053
68456,81.22765120082138
68481,64.60436961719725
68520,106.82688861895929
68562,135.19756806455288
68591,78.63313022893182
68615,79.7450181964495
68641,66.30024131301046
68678,82.0946429792837
68717,93.5907516860883
68749,73.51704540589107
68778,63.48552348686074
68817,123.99983338544583
68855,119.09832503423277
68856,1.8393972058572117
68885,106.50198870673677
68949,150.08166195629963
69005,201.42387506688172
69054,175.49572609694673
69089,105.27620642921889
69116,62.78273659051445
69151,88.18967023242104
69206,164.44988894881
69292,300.1988633023064
69379,218.05734957905392
69435,192.3299339833886
69466,73.1242953309462
69522,116.30009913347216
69577,186.65757707473028
69604,59.74443057012286
69610,11.39560419659007
69654,97.26862883549913
69687,109.56024743078852
69702,28.610171111603673
69732,73.29408319638452
69762,69.88178121060093
69810,136.46612063961675
69857,142.51665473386595
69896,115.44969408943676
69930,110.74360031837467
69931,1.8393972058572117
69967,115.45521406054692
69993,52.90745418022148
70031,135.97981285646873
70037,17.088538386779376
70053,44.182153327789116
70062,19.628547917426808
70106,181.60825769561544
70107,2.234832113185996
70113,19.660456184425332
70117,11.193271903900474
70125,25.886666056013716
70134,23.380466537349733
70145,30.719141550122835
70152,13.108128882594885
70153,1.8393972058572117
70175,47.56037336144679
70201,69.94960482940522
70225,50.99695866431652
70262,72.06481281868159
70295,100.54807370517737
70334,113.95395877259381
70390,129.0960660932911
70420,76.13747098497399
70490,185.00668266383002
70528,129.72588123707916
70606,231.6899037891387
70649,102.20863082239572
70728,156.45052763100503
70791,182.10044221642775
70834,106.50964011342816
70879,106.14235114605617
70944,172.52583353184284
70967,50.37656436921995
71031,202.20214257262273
71067,87.13259485886718
71111,112.6078450101101
71132,43.479762602729785
71157,63.1408177305656
71197,106.1609009960818
71212,52.44961278486018
71267,198.40073699727506
71325,212.95754886674385
71359,80.33669495353682
71409,174.63327578522646
71440,66.44352895544058
71494,168.25222310083828
71514,51.29973653930771
71535,43.74481748411948
71557,76.0322544587543
71591,135.15405864444614
71624,109.9747882199846
71659,92.44589203483761
71692,117.61503164959625
71714,50.99423016828887
71732,37.53333385631326
71752,43.7959034765533
71798,147.03705656435494
71837,111.13126801302904
71888,131.08247447666054
71939,160.12565944099595
71993,186.70074765738548
72056,181.32344025955814
72077,53.366941119633985
72100,62.43558606004527
72147,136.59644942383443
72199,171.66865803012018
72204,9.248822065279427
72270,222.43449590999424
72305,105.52118805790788
72395,326.1511769272428
72437,135.50082321760445
72487,153.0516836819534
72528,97.10737482633807
72529,1.8393972058572117
72533,7.852908721601324
72576,114.71764664992692
72601,67.98305539744187
72652,199.5886602324244
72697,126.74693135464261
72751,157.3052083005104
72762,24.42055546014936
72795,105.54258463631584
72838,137.05009375257532
72859,56.39414680439798
72872,30.740784441768326
72912,99.96071700680919
72923,32.13082970681666
72939,46.99213149627439
72968,58.62391694258297
72987,53.47719841822298
73006,54.834337643801874
73011,9.308279581872945
73043,91.65243217042095
73079,81.9903171943162
73103,84.63598784555197
73136,94.52400501437882
73170,76.58759945229687
73171,1.8393972058572117
73186,37.133903298734005
73200,28.52634527334808
73233,89.59320238979032
73256,58.63025269945125
73257,1.8393972058572117
73280,82.23709358908522
73330,140.76414318344962
73346,41.62088551337959
73347,1.8393972058572117
73364,50.91389795231638
73380,48.085053420781094
73412,95.59991542428433
73436,83.2901789137941
73443,13.341577428891009
73459,49.23122230607054
73464,10.4706285943963
73481,52.37411468291519
73488,13.14989774570258
73513,47.110250107846895
73554,99.7285327160331
73595,128.3638869190835
73642,132.49301741454198
73697,111.62191686552566
73753,157.51153812443965
73756,5.651538606903907
73814,186.01661471480608
73872,149.7043560134797
73931,220.76622799772764
73996,222.76452604478365
74021,65.39319729941359
74032,22.660015866260437
74075,130.54747571684078
74111,81.49950794394256
74130,42.67230297199324
74154,59.718701489773295
74178,77.04647758395684
74204,96.14362067443282
74222,48.305084696436005
74239,41.634060654196176
74269,88.63422061540538
74291,54.46074111965362
74313,65.99818603325947
74328,32.19931554774383
74342,29.99861598623917
74360,36.961917803662814
74395,85.52389745124869
74431,107.00211242235959
74458,99.16594552307882
74485,64.8782262432862
74512,63.16344494003635
74572,168.0424428487004
74617,114.67422371552057
74656,139.28506050698513
74729,207.26633028358202
74776,149.6165745399281
74823,135.86079540201166
74845,57.90618400834953
74866,44.18517586867301
74918,197.5822434129303
74969,132.65289349400436
74976,14.266891897387534
75052,204.5803079414521
75075,51.45607640998432
75095,59.638320436853974
75107,22.635708591947413
75135,75.72568015916443
75160,84.94109263654357
75184,76.69890067882878
75185,1.8393972058572117
75263,237.73437236540533
75288,83.58508684079975
75324,109.3316825796921
75337,27.143291990844357
75353,46.50640127916104
75394,115.41696503444209
75410,56.18398821600041
75437,77.60196677149995
75485,149.2140183191578
75539,171.75967564186507
75557,60.418418823572075
75571,42.336381347154045
75592,56.26222757713456
75630,87.73854758493555
75653,65.68170332115595
75706,138.19635915170812
75735,68.14167534985347
75775,125.58386059626079
75833,149.16446165245958
75872,130.24369859219757
75873,1.8393972058572117
75916,135.0412821462982
75959,105.60867458846104
76017,182.05064761050303
76025,15.947177044309802
76035,23.817457215920054
76045,24.25764826107367
76076,110.69895549748273
76132,190.33037077469857
76149,53.71819889510714
76160,22.483576544514868
76188,81.40114343551332
76213,91.08586454733165
76238,54.34644514324473
76260,71.67701047163877
76292,93.34010494928059
76339,125.00918309466559
76370,77.82459942045736
76414,120.58328364792324
76433,64.46113212679364
76442,18.21089310631296
76455,49.16732093478985
76508,152.8345079990427
76509,1.8393972058572117
76520,21.888154456656444
76573,186.69330805794132
76595,62.43585731630379
76618,64.35539702139813
76659,106.14667493911934
76682,52.88394258432864
76700,43.6326996466936
76711,21.406703872701137
76731,59.4155905068436
76751,58.18700759164045
76799,164.92524204669428
76823,57.26761486587116
76848,56.389560400835286
76886,132.5346667653219
76929,124.36478966677961
76961,77.49321340914058
76995,137.08904441109706
77029,98.38506639216234
77064,105.83959956540821
77092,106.22220325251627
77105,41.3442744390909
77106,1.8393972058572117
77128,54.67485931334753
77142,29.08565567617366
77187,145.65088991376314
77214,60.96853854046319
77243,60.79910848311253
77273,109.89727323643129
77317,125.51153556572663
77341,53.45840331203045
77379,94.48272645654484
77418,97.46230448101329
77422,7.987779736059613
77467,126.96054101475957
77503,121.88821326212195
77541,114.0270452372381
77561,39.72373636183721
77562,1.8393972058572117
77586,69.38743930876313
77594,16.018152372395786
77617,55.52534484557435
77640,49.493712710653924
77653,25.131567472360572
77685,75.99562651947365
77717,81.58717827895958
77737,46.78249276117759
77753,48.854688514188794
77775,45.191770365444576
77811,127.1459411092154
77846,107.71765473465612
77873,55.46191987188968
77905,96.93582436521824
77932,75.69756832626076
77967,80.19917317588596
78015,134.53988428533833
78066,127.71952411349098
78120,158.02106252609204
78159,131.45332748861657
78216,169.2149921520378
78276,187.2523457780679
78307,73.60524003364385
78353,104.33557900067281
78413,228.2012344604302
78453,90.97239514686127
78502,172.4757394847069
78586,251.839967728754
78642,149.2875229491981
78705,202.8046185782464
78770,179.5979642567724
78808,113.96342036134085
78884,217.11129310699664
78898,30.277263936947204
78928,90.44681876244499
78970,135.66682832312134
79062,199.6793884073262
79148,276.8095130244425
79171,47.24790535324006
79181,20.449685299880368
79192,21.57268680857182
79228,75.11517357487574
79285,197.17334126979827
79300,35.98546313800542
79301,1.8393972058572117
79318,40.47021527600374
79328,20.445445790776652
79350,71.33835584663935
79370,55.96101455555487
79400,78.40743193732067
79428,85.82972329510459
79463,105.14780146389387
79477,29.558008438688123
79503,70.42818806785209
79537,74.6999656402234
79555,46.480249455047264
79592,119.62461401915508
79638,115.75344143887976
79672,77.21754245234244
79727,141.50384428163974
79782,162.73410593280087
79835,130.10932338730004
79908,181.93719941046803
79934,67.12202648517649
79993,194.27986425990036
80005,23.480922947465544
80014,20.33820387981021
80080,184.49996313142216
80081,1.9749075306406325
80087,15.449755617498171
80154,161.1034516841653
80168,37.53551984690942
80178,22.044007220219687
80197,74.88993406942892
80210,43.68054466492906
80290,204.49542590471756
80311,44.86838582089467
80342,79.62191842870197
80376,88.19214417460378
80426,157.76535128679734
80456,85.44623753353531
80507,130.71874891640178
80525,37.53036170202598
80584,178.22354573919532
80650,183.04419768897526
80721,252.7462751263247
80793,212.02442100237351
80830,98.232621146305
80867,120.90570858571017
80925,136.0291506068168
81014,306.1429860402622
81044,69.75340391611806
81090,147.85732268458725
81129,121.98017155123827
81178,125.89496449574928
81217,122.61424882628097
81257,95.68432535144775
81293,118.94318237572622
81367,210.7211987338264
81424,148.96289734650586
81483,209.88623477314187
81484,1.8393972058572117
81540,125.40378291038182
81625,282.9316788008501
81626,1.8393972058572117
81655,81.02915886494448
81722,202.43436243384608
81759,134.51691777120718
81836,311.04914109892087
81856,48.97787902633891
81877,73.21677194338389
81888,21.98217238960432
81926,103.46565164372085
81951,68.79738687428629
81976,79.24418611174427
81994,67.64483824383642
82028,89.96750634952242
82056,61.16357723496728
82065,16.86889754403282
82090,62.134418454521196
82120,86.67865657691607
82152,83.39740644726632
82177,99.37013170179783
82214,104.41963847020305
82240,74.58029117016243
82268,76.43037295020643
82287,49.43016082714179
82307,53.27211421883176
82327,49.8219041985967
82355,82.25272156457495
82374,41.484257333141755
82406,90.49388065746069
82434,62.62748872638538
82464,80.81786916874375
82483,44.13195561530834
82534,142.06447565023421
82564,61.17332564678448
82602,130.6295939567757
82630,94.48453186860056
82663,126.83493214054839
82685,48.27012851789972
82752,158.33467367607756
82775,59.319495505958514
82799,64.37602442472459
82830,64.58898201508511
82841,20.82856297588921
82903,178.85198030322735
82932,88.8256303074881
82965,102.67549794333017
82990,82.43713923004258
83008,35.73656831110424
83037,87.72375401678991
83039,6.804049288560891
83070,84.24002530224855
83072,3.7000076952865895
83102,91.12594703993805
83124,46.54674359090622
83148,80.28553199109543
83172,90.62423634485285
83197,76.30727214611264
83229,104.61093827333725
83274,129.81487260077014
83303,102.96433508019001
83340,71.60766123674004
83367,52.78310861874223
83414,146.16853498131104
83457,143.75009564021008
83505,122.56005328374859
83540,98.1149481072452
83593,130.91194471654563
83606,28.429788824535393
83630,68.65612673252618
83706,211.74124073785237
83752,122.44847380105769
83790,90.26040207405737
83873,247.45872150329492
83916,120.04021209148115
83955,108.73616151356562
84004,153.75547151676005
84053,178.995794345331
84118,201.60367417269205
84145,59.04308481749684
84169,52.97657551926709
84240,193.30641076400144
84276,98.30697227691317
84332,189.76117570281207
84390,154.94390124072075
84453,190.9764860548999
84492,91.81232158916661
84543,138.59263000791523
84544,1.8393972058572117
84601,129.08788854590276
84640,103.83615775415812
84647,13.146567975621572
84699,118.31587625306281
84742,129.45905695641545
84794,145.42254655777452
84821,63.191970146853514
84854,100.00042524470095
84904,130.5331068658771
84923,40.39377930979272
84966,113.60539322182647
84981,32.95072608774181
85016,73.62179959136873
85059,134.37942752961587
85060,1.8393972058572117
85075,29.788577935648078
85107,117.77434340967137
85128,72.4637517767441
85129,1.8393972058572117
85165,110.06002025352427
85195,69.62664444002654
85257,179.1009275775908
85280,73.64031196536092
85304,66.49727326074417
85332,77.51504393942582
85357,62.12056161994537
85383,53.86953321912045
85430,149.2274601261028
85453,46.01795609449775
85454,1.8393972058572117
85505,152.77635300588892
85510,9.994106796790843
85545,96.33138560419613
85582,94.94727839233565
85640,142.21809501923588
85684,141.17363091705113
85685,1.8393972058572117
85728,161.955263255622
85741,41.47146577561977
85759,45.41708163460107
85801,99.11224863137744
85816,35.63114979841025
85850,100.01067305320285
85885,92.59456987869041
85906,48.94106454948512
85951,157.73199652498582
86004,148.63164392174676
86051,113.75914913069411
86099,163.81882933614597
86153,150.06742061198798
86181,95.28298355963217
86216,105.49139366154085
86271,162.42660053931553
86348,248.80325208617774
86378,78.67357811329973
86399,39.90416678557524
86449,164.73191290256716
86470,49.74073111128656
86495,65.0773407079647
86519,75.04644796599182
86543,83.4061339799968
86559,37.49753699305765
86591,101.85395757706539
86603,29.83310676667596
86619,47.9447441978953
86636,42.52584345732939
86668,80.9481166610011
86693,68.57951434120386
86721,65.73979695540496
86766,112.344899406482
86804,103.66150499691341
86852,129.81812994521673
86898,164.8891668704686
86914,45.273358866090064
86987,221.4099002231529
87023,75.89332035679982
87046,79.67217618107016
87064,35.52124884100427
87104,142.1112859448124
87143,113.67860228963767
87171,71.1170235952817
87205,105.22094690843079
87236,108.96573416057443
87275,115.64532474771376
87349,188.74009425487466
87367,39.88636515822538
87406,114.56401667759158
87431,60.4476992251539
87445,28.957573779221217
87472,62.48645822324175
87497,67.96219994422431
87529,102.91467125502257
87553,73.79546900005457
87576,68.73227311680655
87590,26.081382755832685
87619,79.37297914850741
87649,73.71305705417674
87665,32.30016841357011
87698,85.64836795225382
87723,70.99348308050756
87749,55.8845637809797
87774,52.97219210710331
87805,74.6744438312745
87853,142.23847480057853
87895,149.5704895929188
87943,125.66451019291073
87975,68.30330476869497
88032,194.13847231124575
88086,191.4839752015305
88088,3.7064297194628493
88144,184.45686283253028
88202,176.05565099592374
88259,192.66401092034687
88287,93.39945778756157
88319,69.61771914334376
88327,15.948919111670431
88339,29.600641093083834
88360,75.36501359010661
88372,45.207980761996296
88410,107.82259175039913
88423,36.54521773526695
88431,17.31600595951228
88448,61.52109980256405
88464,45.990926674466486
88486,68.49914959602533
88501,30.92971985134296
88524,54.36365326842082
88561,101.88481428531293
88606,103.80179137991297
88645,85.29754149028572
88693,133.20984156475748
88743,143.05467246378055
88783,110.04655903472324
88843,208.2691212551729
88908,188.44844011443672
88943,110.74284009754368
89007,179.01472163873834
89032,60.24197647420941
89068,76.81098228989501
89097,83.48233145235399
89103,11.56506290322655
89164,221.0115421683684
89207,157.36280548504848
89238,99.12590984333161
89294,123.90553216771553
89318,52.48560243616018
89343,54.705201126265536
89371,74.57036979792032
89400,76.53269344792534
89447,165.10941265767485
89463,36.947257115994994
89497,120.47962579512757
89507,30.256527917213546
89552,123.93363735291716
89604,173.28492502268702
89648,128.37207477917482
89672,59.81823500489453
89694,74.18474883611279
89714,43.61729484892942
89735,55.83540319313125
89757,55.61526020015233
89765,16.266260043891663
89778,27.631430346694376
89801,45.55034967463865
89840,85.2614214885794
89884,155.22821512435658
89928,163.04474819348638
89986,183.26954349360113
90039,145.88464830329198
90113,203.9057055083171
90202,225.93756056245195
90279,195.72750162263893
90327,135.7911929232991
90360,85.15178280130448
90407,131.54260703223116
90460,166.20734668564094
90481,57.780414341523766
90524,105.97974050100107
90567,139.76451621302377
90614,126.99976325153708
90631,52.633010886318836
90668,130.95442682659836
90691,66.73454909210807
90745,173.78453897554786
90864,308.33291300870184
90915,157.7549850305485
90945,81.71039474125315
90981,100.46772891387333
91013,93.16527056107765
91060,155.8313270385355
91061,1.8393972058572117
91141,205.65020256244645
91180,95.24863120862774
91209,60.67464268257659
91256,154.3166914488338
91303,123.61701109314662
91352,153.47620517525368
91389,131.49736436164036
91428,112.40258152687436
91430,3.7506120469120865
91437,14.932676770423546
91483,132.91356163444377
91536,141.89596359590132
91583,122.74759274755459
91602,41.8915233803955
91658,121.68715851202968
91675,49.45610069947074
91705,88.37109118499282
91737,97.56172126741954
91763,88.08794173958269
91781,38.296443470753985
91821,105.6356573368975
91851,70.08798585435298
91880,79.30878108141177
91917,114.43270479295012
91979,169.11219665656475
92026,91.2458554822984
92066,134.01181237929808
92096,76.10497833274006
92128,87.36621563752273
92187,124.04258463159697
92228,92.08364048428425
92278,172.5618756426241
92311,76.93540979548435
92336,55.31800556627368
92401,187.21411121031198
92447,146.2013513886594
92474,69.29146643837565
92507,84.20224263526451
92533,54.16380617208044
92559,54.35704586724108
92619,185.42113875247927
92627,15.182747279623376
92674,143.632141645194
92730,179.24491496167775
92771,103.72648423677116
92838,214.5241299128248
92885,183.50508514707465
92937,154.86780593797022
92938,1.8393972058572117
92940,3.685428617858289
92955,34.6093799958701
92974,42.685219616503275
92994,69.7961570503087
93022,81.77318463906177
93064,111.77830512041066
93103,100.18491892484488
93144,103.11641026205109
93188,129.38936558490428
93230,120.04738440779147
93342,316.4677520055561
93353,21.9255554760955
93397,151.96594335920784
93463,174.27858783324496
93534,237.71925716478898
93556,48.94703349031144
93597,112.37584329286801
93637,126.1488168087246
93671,82.65354822929764
93742,186.77571116851195
93775,79.09484458578532
93807,103.18938609122203
93842,75.46739717504175
93871,68.16490906666519
93903,68.00319393856142
93977,216.87886961526092
94005,66.75688571728871
94106,302.7644951347228
94188,265.61090559077036
94210,46.13907336440196
94243,85.64862765900833
94278,68.10035705226164
94312,68.48892174374483
94350,105.36725912470804
94392,97.26397461995076
94423,94.16947091074832
94475,123.5497953537775
94494,38.178654144214754
94553,199.70260600652787
94574,49.58306236857732
94606,64.85911125199453
94672,193.64894363563303
94703,85.6403849005701
94747,145.17860834130366
94780,112.54623777234808
94816,82.09713931256258
94856,103.03321912580479
94898,143.69346607510514
94946,144.02265787170484
95033,307.91202756654457
95070,85.95102770101171
95128,209.605880872279
95193,144.97634929385868
95253,157.75464709725247
95316,171.55669137451207
95393,221.051882810106
95438,114.24640002617683
95475,84.18638063282782
95529,165.82781730942153
95569,128.16211518197943
95608,73.45017215434476
95653,133.86977491278486
95696,104.4324662070066
95751,190.58888548269454
95828,261.17200314573194
95876,175.8871826502209
95901,77.17060595066353
95925,80.35276938594579
95948,54.03539929651223
95988,112.0213476471192
96026,95.33768711296216
96042,34.66995768973106
96075,83.6260220327046
96126,154.6317837953329
96135,17.54738536002008
96163,56.33675880315571
96188,53.91757051239699
96189,1.8393972058572117
96232,135.2307838325978
96259,58.05204018845895
96295,113.4396511834745
96323,84.37046029020117
96363,138.83839217361887
96421,194.5953736594768
96466,147.29607624667594
96510,123.74479204053576
96529,52.171450137424245
96546,34.6642192143673
96617,197.2901317316236
96662,118.22152119308134
96707,122.75984390874198
96737,76.8826248050253
96783,125.31831062068574
96795,23.3424285957368
96889,197.02189636544853
96931,90.64702310791424
96984,194.10125156857097
97026,118.05773726463254
97043,54.00996339392021
97101,170.70296141856394
97145,122.38697756152604
97158,31.451113210126238
97167,17.76223783910619
97180,29.711442224054828
97191,21.621808668806157
97215,62.93968215714647
97229,36.668129745497986
97259,110.93987850321123
97288,57.88031741845227
97333,116.95099698487843
97372,105.10144298721045
97415,172.86113264454573
97457,115.51854133289059
97497,131.37729400714264
97551,178.20972162749518
97594,127.0656460641714
97638,153.23076122170983
97649,21.287159749169742
97686,112.91772463471641
97705,57.228146768594534
97724,50.179676045292915
97760,119.23672747078332
97791,68.66581295825353
97801,20.20912118861845
97882,240.89626275253613
97925,162.95423270823406
97953,71.51607895605564
97958,9.599641762819378
97990,98.67595967826057
98042,145.55881850900428
98061,38.29536951499413
98102,121.66584616442047
98103,1.8393972058572117
98123,48.37947466598026
98177,157.64532599561394
98195,40.89578510619513
98219,52.70646756579739
98247,71.6296225642826
98303,207.0742791169145
98326,60.90230694139419
98327,1.8393972058572117
98348,40.954345760695475
98365,38.67704365755434
98388,51.86782000814703
98416,66.33487455460514
98424,15.495195088039095
98439,32.66039318229354
98469,90.37032421122925
98485,39.22739130278227
98521,111.83487494874895
98532,26.276024873102436
98548,35.087950907263384
98568,49.79638807707596
98590,46.26317541672913
98619,105.33981772173148
98650,87.4158496352128
98684,97.10159649613351
98708,76.73735846331297
98720,26.935012783160047
98747,79.2073690250834
98770,52.90367861945849
98793,53.10560806312698
98821,82.82572934056171
98865,165.9922711934569
98890,89.6119390710421
98911,56.26844149053688
98959,144.7576667059189
98983,73.32982065843125
98984,1.8393972058572117
99008,77.72102622270117
99023,36.951928695757275
99054,65.73921057432608
99093,117.84801393143377
99132,95.95969108496979
99169,79.50556562860919
99170,1.8393972058572117
99208,89.2808249774953
99249,104.94362919728427
99292,161.32629140112982
99364,248.09735933538215
99377,26.243177446423246
99389,25.056879192041073
99445,155.98616492158024
99483,113.19545881944708
99502,44.77982563677569
99540,99.49147693720667
99566,55.83779171895275
99597,83.54408995845898
99639,99.89420827238756
99641,3.7095121519009426
99682,110.46957730985976
99716,84.56458203695739
99728,23.464808749418953
99770,131.51810427893957
99813,98.24839244370186
99834,46.558102091062224
99851,48.869669198205074
99877,76.35615647584241
99890,26.130758890768675
99915,64.3154927297264
99968,156.00100206948935
99993,51.50691218809778
100062,163.66460075434495
100086,72.0864589073893
100111,80.07062186827588
100148,110.38905767310251
100161,52.41319498304015
100163,5.024036380114709
100184,61.20583778807553
100185,1.8393972058572117
100211,60.955461154723324
100212,1.8393972058572117
100226,43.76110756346777
100260,108.42030959553178
100292,67.00919303765748
100325,73.91018226122259
100359,97.9462436127663
100398,83.29025168910474
100405,13.471614128038114
100446,157.0712020684
100488,128.92412904286374
100535,109.26186957061806
100544,18.96635336995847
100560,37.78674752724315
100575,34.91913455345051
100615,122.22148136047662
100635,65.97407267741254
100649,28.60457566201635
100713,183.38258407929447
100748,103.59718228404272
100786,105.17425579024798
100829,115.7232465759034
100867,94.00633172146907
100916,142.63286735350707
100945,79.13506200916979
101040,275.1746358420533
101071,87.87287421083785
101102,78.32264206137175
101130,54.98821404256993
101185,183.1967597491528
101242,178.12637826733632
101274,75.5942498869212
101305,65.154266838618
101347,112.58050222497552
101358,21.80093697023101
101397,138.03721165071306
101445,162.71418381046513
101463,48.02168979833699
101486,66.59103303703606
101501,30.645146191632307
101521,45.87095822527764
101575,174.4751919906711
101601,78.91477080792812
101631,102.7646557203308
101661,61.530199692314355
101683,86.89280656756763
101689,11.833531611315053
101736,167.13062770329051
101764,90.17832546065422
101780,34.17339004892261
101827,162.72651560551614
101843,52.82877399691121
101851,17.1767532207042
101872,72.04454136959961
101882,20.51280554432539
101910,93.60122813775669
101934,63.69996385379091
101965,74.32348186202279
101993,64.78576145435007
102030,106.42624717974529
102074,127.98685944270763
102117,98.36992008750725
102154,90.02964521986682
102201,172.86087558111865
102250,120.53977449315086
102276,65.24000428623539
102290,38.04773413931239
102343,122.20472477014643
102377,112.98990122747465
102380,5.847089706096007
102407,68.95188505826559
102433,78.88550146911513
102461,70.89519232530924
102488,62.514814024853585
102531,146.1061772245155
102561,86.1297371664901
102603,109.43893892217714
102618,32.67851467192117
102650,63.95243348833602
102669,53.56139666960273
102674,9.714515076202703
102678,7.502598144892344
102700,51.951526586431285
102771,161.9574335608995
102830,212.6376243885139
102871,145.67039669434746
102909,107.46725310249636
102938,94.46022616130378
102942,7.5280252434149375
102968,67.45559044789867
102998,94.69611015063666
103000,3.687618453072476
103009,19.675065510255244
103040,89.65297456066178
103041,1.8393972058572117
103073,132.47295384615595
103080,15.061045657349718
103115,87.38266635080736
103118,5.650382558529184
103122,7.553450035975546
103128,12.234543122352429
103142,32.99008789168125
103152,31.701144535456717
103162,37.34717237562131
103177,30.680431785673377
103195,35.996028410318836
103221,68.95563861451608
103251,107.58206498691797
103289,96.64653574120752
103326,110.33781677035857
103360,107.60267302184555
103391,101.70940228962951
103424,80.53755133545391
103469,143.59047782220924
103514,139.2674241384087
103555,112.17156431257116
103623,199.0800533299945
103660,92.60873603067611
103706,135.60076356491822
103739,98.06670586481725
103787,158.7909301664459
103836,137.87464530003803
103874,76.63990118728132
103897,46.30305423031145
103927,74.09096928209281
103968,135.0440276523922
103989,43.262965183203264
104025,89.50599452972105
104062,85.28381303386651
104115,179.452115159937
104159,132.51632090406483
104214,199.46043423007472
104271,166.4214069176148
104333,151.97978403559756
104387,127.71637505954453
104483,253.6486686720801
104488,9.72412562168176
104532,122.7618557542852
104556,95.65371072507114
104601,116.51862425949743
104631,87.05552777875965
104652,46.97011954225146
104681,65.67431527309573
104730,119.44347648548693
104757,61.40282141904714
104785,62.93463651271908
104819,108.78738318342577
104853,99.93917795208193
104870,49.88856047670375
104914,112.30638832662913
104936,64.23630723968692
104949,25.949713664828415
104957,16.17830457115197
104966,17.956690253606943
104996,88.90180573031454
105009,26.25022454344342
105039,65.89278747482696
105061,48.11944456341269
105070,17.048325144085325
105109,108.91253211662159
105155,127.58216144663686
105194,106.31834829788363
105243,121.53539601895866
105289,110.03682233328527
105349,148.10699301486508
105362,24.480061569874458
105391,69.52244085854615
105436,121.97294787354086
105437,1.8393972058572117
105485,173.03506825721342
105486,1.8393972058572117
105514,59.39769340058325
105516,3.702171411543136
105545,77.83552499113836
105576,104.79697598346951
105616,106.81142306817587
105704,267.7078804456732
105732,59.85910705831446
105785,132.49850712128844
105796,21.232846523221475
105839,131.60189605778416
105880,139.85309491220494
105921,118.55596527308774
105963,102.90156269119659
105992,69.17791999559267
106006,27.985468638380052
106035,91.03383274595977
106054,43.62617304786457
106114,138.8441229181164
106137,68.92204304080596
106204,221.0093203189624
106232,80.44282898979328
106261,84.50527303068631
106332,261.41928976914085
106366,71.98407276578953
106417,114.11629831266335
106452,113.96022821803417
106494,100.76634435526877
106528,70.51659699614171
106570,101.82384340486136
106612,120.1841866704753
106651,104.54873181744746
106704,125.92756233753369
106730,57.14984348884474
106755,89.47715512106664
106780,48.93512670357083
106840,151.71505729421912
106918,228.70300171095425
106966,123.10309930868937
107012,148.0469744168919
107060,145.0608961960664
107090,80.77755840677446
107146,131.3909681721731
107181,104.99110804773044
107194,27.30706406839687
107240,127.51896830918706
107265,67.17602284216812
107296,101.15542860385635
107362,181.24697884004365
107410,110.44505200756066
107461,141.36942332901245
107510,152.4368073771161
107548,88.76475207906392
107616,161.39788025896695
107637,50.10656617837352
107663,85.26135138638762
107696,65.74497596644505
107751,191.5040296760865
107822,168.6185308454508
107823,1.8393972058572117
107839,40.87306915679341
107864,71.2757527066844
107909,142.31140791879193
107926,48.07156330225666
108007,205.94441658505343
108029,44.97835507452831
108078,132.33713293458396
108135,141.03242948134945
108195,150.44628081313093
108250,147.34583274632405
108329,266.23377366606337
108385,120.84383049025253
108457,222.7770860857739
108482,82.39307643566995
108564,247.09508902607126
108567,5.663460127106723
108582,51.24319296625055
108627,147.577579232705
108701,189.14790903439345
108726,66.46976891885791
108751,65.88053144673431
108774,76.58002192935572
108811,117.68540798212575
108827,43.393091119762644
108948,304.555464040174
108988,113.07607832292857
109003,29.599451825338917
109055,108.93337913010326
109107,138.95078690630086
109139,75.48779394964728
109179,109.77393295415268
109231,136.74404233541162
109273,151.2916007923418
109310,134.68019332520393
109366,195.858764894682
109386,44.76358574796955
109406,45.24743986054902
109452,143.0154808187869
109488,97.44443664367137
109515,94.5977979335415
109530,49.722042506234615
109546,37.93313557623176
109573,72.36332958724441
109602,98.06701459885947
109616,49.161982052343944
109640,67.44518955104498
109668,85.35227998646536
109689,43.20871615934871
109711,48.74831463879256
109748,138.84906812617078
109777,106.42820035325093
109788,29.911561006433118
109809,58.16195864424658
109827,39.80532205650437
109867,120.18319015666654
109887,51.246076800314114
109915,77.19570161078929
109940,62.76880898573531
109974,103.74122145528197
109990,54.46191698619499
110019,86.5250243468345
110029,21.92759640481374
110031,4.471733600202214
110051,65.32631517419563
110080,70.1225518595985
110082,4.907340068748466
